sample_id,true_label,pred_label,network,branch_prob_normal,branch_prob_primary,branch_prob_metastatic
Mets_1,metastatic,metastatic,normal,0.23940834403038025,0.3898842930793762,0.37070736289024353
Mets_1,metastatic,metastatic,primary,0.23034074902534485,0.36627334356307983,0.4033859372138977
Mets_1,metastatic,metastatic,metastatic,0.22946785390377045,0.37358778715133667,0.3969443738460541
Mets_13,metastatic,metastatic,normal,0.1846374273300171,0.3616630434989929,0.4536994993686676
Mets_13,metastatic,metastatic,primary,0.18565793335437775,0.3708518147468567,0.44349023699760437
Mets_13,metastatic,metastatic,metastatic,0.1728200763463974,0.3857457637786865,0.44143417477607727
Mets_19,metastatic,metastatic,normal,0.2285342812538147,0.3585107922554016,0.41295498609542847
Mets_19,metastatic,metastatic,primary,0.24737189710140228,0.3441973328590393,0.40843069553375244
Mets_19,metastatic,metastatic,metastatic,0.24659426510334015,0.3663983941078186,0.38700732588768005
Mets_25,metastatic,metastatic,normal,0.15040524303913116,0.37933698296546936,0.47025784850120544
Mets_25,metastatic,metastatic,primary,0.1484665870666504,0.375847190618515,0.4756861925125122
Mets_25,metastatic,metastatic,metastatic,0.14068692922592163,0.3821753263473511,0.4771377146244049
Mets_26,metastatic,metastatic,normal,0.09641186892986298,0.301554411649704,0.6020336747169495
Mets_26,metastatic,metastatic,primary,0.10604634881019592,0.32292070984840393,0.5710329413414001
Mets_26,metastatic,metastatic,metastatic,0.09742862731218338,0.3341732919216156,0.568398118019104
Mets_34,metastatic,metastatic,normal,0.3414236307144165,0.38642463088035583,0.2721517086029053
Mets_34,metastatic,metastatic,primary,0.35062655806541443,0.3758028745651245,0.27357056736946106
Mets_34,metastatic,metastatic,metastatic,0.3431875705718994,0.38021910190582275,0.27659332752227783
Mets_37,metastatic,metastatic,normal,0.25428399443626404,0.3627495765686035,0.3829664885997772
Mets_37,metastatic,metastatic,primary,0.2739689350128174,0.3533723056316376,0.37265878915786743
Mets_37,metastatic,metastatic,metastatic,0.276266485452652,0.3518877923488617,0.37184572219848633
Mets_40,metastatic,metastatic,normal,0.17962713539600372,0.33444586396217346,0.48592710494995117
Mets_40,metastatic,metastatic,primary,0.20510821044445038,0.35364556312561035,0.44124624133110046
Mets_40,metastatic,metastatic,metastatic,0.21287178993225098,0.3560018539428711,0.43112632632255554
Mets_47,metastatic,metastatic,normal,0.14482936263084412,0.34615665674209595,0.5090140104293823
Mets_47,metastatic,metastatic,primary,0.15516874194145203,0.3446391224861145,0.5001921057701111
Mets_47,metastatic,metastatic,metastatic,0.1477613002061844,0.3652292788028717,0.4870094358921051
Mets_5,metastatic,metastatic,normal,0.32368895411491394,0.3849337100982666,0.29137730598449707
Mets_5,metastatic,metastatic,primary,0.3343610465526581,0.37902820110321045,0.28661075234413147
Mets_5,metastatic,metastatic,metastatic,0.3314377963542938,0.37697556614875793,0.29158663749694824
Mets_52,metastatic,metastatic,normal,0.11442822962999344,0.33386266231536865,0.5517091155052185
Mets_52,metastatic,metastatic,primary,0.11470361799001694,0.33528342843055725,0.5500129461288452
Mets_52,metastatic,metastatic,metastatic,0.11272669583559036,0.3487379550933838,0.5385352969169617
Normal_1,normal,primary,normal,0.3259466290473938,0.3624134957790375,0.3116399347782135
Normal_1,normal,primary,primary,0.3588142991065979,0.3424351215362549,0.2987506091594696
Normal_1,normal,primary,metastatic,0.34855037927627563,0.3536249101161957,0.2978246808052063
Normal_13,normal,normal,normal,0.2605380713939667,0.41218024492263794,0.3272817134857178
Normal_13,normal,normal,primary,0.2710321843624115,0.3892567753791809,0.33971109986305237
Normal_13,normal,normal,metastatic,0.27882370352745056,0.3975070118904114,0.32366931438446045
Normal_19,normal,normal,normal,0.4791322946548462,0.33408358693122864,0.1867840439081192
Normal_19,normal,normal,primary,0.5103498101234436,0.31454676389694214,0.17510342597961426
Normal_19,normal,normal,metastatic,0.5044791102409363,0.3250432014465332,0.17047767341136932
Normal_25,normal,normal,normal,0.3431389331817627,0.3518432676792145,0.30501776933670044
Normal_25,normal,normal,primary,0.36333993077278137,0.3671658933162689,0.26949429512023926
Normal_25,normal,normal,metastatic,0.3749651312828064,0.3746408224105835,0.2503940761089325
Normal_26,normal,normal,normal,0.28510382771492004,0.37844786047935486,0.3364483118057251
Normal_26,normal,normal,primary,0.31993043422698975,0.36587440967559814,0.3141951560974121
Normal_26,normal,normal,metastatic,0.30460986495018005,0.37652283906936646,0.3188672661781311
Normal_34,normal,normal,normal,0.7465211153030396,0.19182275235652924,0.06165607273578644
Normal_34,normal,normal,primary,0.7514503002166748,0.18826261162757874,0.06028711050748825
Normal_34,normal,normal,metastatic,0.7548540830612183,0.18603196740150452,0.05911396071314812
Normal_37,normal,normal,normal,0.6610611081123352,0.2466747909784317,0.09226413071155548
Normal_37,normal,normal,primary,0.6725339889526367,0.23840095102787018,0.0890650525689125
Normal_37,normal,normal,metastatic,0.6605377197265625,0.2454833984375,0.09397884458303452
Normal_40,normal,normal,normal,0.6627227067947388,0.24362635612487793,0.09365098178386688
Normal_40,normal,normal,primary,0.6806424260139465,0.2347182035446167,0.08463936299085617
Normal_40,normal,normal,metastatic,0.6605802774429321,0.24880892038345337,0.09061085432767868
Tumor_1,primary,primary,normal,0.35290634632110596,0.3847445249557495,0.26234912872314453
Tumor_1,primary,primary,primary,0.3851662278175354,0.36340436339378357,0.25142937898635864
Tumor_1,primary,primary,metastatic,0.38095149397850037,0.36879026889801025,0.25025826692581177
Tumor_107,primary,primary,normal,0.22595930099487305,0.36367926001548767,0.4103614091873169
Tumor_107,primary,primary,primary,0.21628844738006592,0.34373539686203003,0.43997615575790405
Tumor_107,primary,primary,metastatic,0.19963222742080688,0.3579283058643341,0.44243940711021423
Tumor_117,primary,primary,normal,0.1211533173918724,0.35231325030326843,0.5265334844589233
Tumor_117,primary,primary,primary,0.1338711380958557,0.35923489928245544,0.5068939924240112
Tumor_117,primary,primary,metastatic,0.1265469491481781,0.3930933475494385,0.48035964369773865
Tumor_118,primary,primary,normal,0.2081078141927719,0.3600251078605652,0.4318671226501465
Tumor_118,primary,primary,primary,0.2142999768257141,0.350361168384552,0.4353388249874115
Tumor_118,primary,primary,metastatic,0.20616938173770905,0.3568097651004791,0.4370208978652954
Tumor_120,primary,primary,normal,0.20294269919395447,0.36680638790130615,0.4302509129047394
Tumor_120,primary,primary,primary,0.20887720584869385,0.40053221583366394,0.3905905783176422
Tumor_120,primary,primary,metastatic,0.20714639127254486,0.41296058893203735,0.379893034696579
Tumor_122,primary,primary,normal,0.36725541949272156,0.3762058615684509,0.2565387487411499
Tumor_122,primary,primary,primary,0.3730314373970032,0.3791693150997162,0.24779920279979706
Tumor_122,primary,primary,metastatic,0.36829012632369995,0.3932977616786957,0.23841214179992676
Tumor_123,primary,primary,normal,0.28082314133644104,0.33985310792922974,0.3793237805366516
Tumor_123,primary,primary,primary,0.3154383599758148,0.3341467082500458,0.3504149615764618
Tumor_123,primary,primary,metastatic,0.28910666704177856,0.3486540913581848,0.362239271402359
Tumor_129,primary,normal,normal,0.5535001754760742,0.2921220064163208,0.15437789261341095
Tumor_129,primary,normal,primary,0.5865966081619263,0.2725842595100403,0.14081916213035583
Tumor_129,primary,normal,metastatic,0.5681687593460083,0.2853066325187683,0.1465246081352234
Tumor_13,primary,primary,normal,0.4889771342277527,0.325386106967926,0.1856366991996765
Tumor_13,primary,primary,primary,0.4924774169921875,0.32897236943244934,0.17855019867420197
Tumor_13,primary,primary,metastatic,0.4884961247444153,0.33567360043525696,0.17583023011684418
Tumor_134,primary,primary,normal,0.7706041932106018,0.1784849464893341,0.0509108304977417
Tumor_134,primary,primary,primary,0.7745321989059448,0.17010316252708435,0.05536466836929321
Tumor_134,primary,primary,metastatic,0.7718814611434937,0.1744951456785202,0.05362338572740555
Tumor_141,primary,primary,normal,0.382280558347702,0.38633039593696594,0.2313891053199768
Tumor_141,primary,primary,primary,0.4021204113960266,0.3543732166290283,0.24350635707378387
Tumor_141,primary,primary,metastatic,0.3849877119064331,0.37130090594291687,0.243711456656456
Tumor_148,primary,normal,normal,0.3859938085079193,0.38065484166145325,0.23335136473178864
Tumor_148,primary,normal,primary,0.3977549076080322,0.36848822236061096,0.2337568700313568
Tumor_148,primary,normal,metastatic,0.40734168887138367,0.37579673528671265,0.2168615758419037
Tumor_149,primary,primary,normal,0.3607827425003052,0.38496848940849304,0.2542487680912018
Tumor_149,primary,primary,primary,0.3726983666419983,0.37282034754753113,0.2544811964035034
Tumor_149,primary,primary,metastatic,0.3546491265296936,0.38862186670303345,0.2567290961742401
Tumor_152,primary,primary,normal,0.17221228778362274,0.3979588747024536,0.42982882261276245
Tumor_152,primary,primary,primary,0.18605384230613708,0.38956502079963684,0.42438119649887085
Tumor_152,primary,primary,metastatic,0.1850953847169876,0.3981035053730011,0.4168010652065277
Tumor_169,primary,primary,normal,0.33433204889297485,0.3771940767765045,0.28847384452819824
Tumor_169,primary,primary,primary,0.3411164879798889,0.37250882387161255,0.2863747477531433
Tumor_169,primary,primary,metastatic,0.3372095823287964,0.38322505354881287,0.27956539392471313
Tumor_19,primary,primary,normal,0.26225796341896057,0.39430081844329834,0.3434411585330963
Tumor_19,primary,primary,primary,0.2883467972278595,0.3772837221622467,0.3343694508075714
Tumor_19,primary,primary,metastatic,0.2752458155155182,0.38880544900894165,0.33594879508018494
Tumor_25,primary,primary,normal,0.38478320837020874,0.35373973846435547,0.261476993560791
Tumor_25,primary,primary,primary,0.3984283208847046,0.3437165319919586,0.2578551471233368
Tumor_25,primary,primary,metastatic,0.39246806502342224,0.35652250051498413,0.25100943446159363
Tumor_26,primary,primary,normal,0.3282664120197296,0.37269026041030884,0.29904332756996155
Tumor_26,primary,primary,primary,0.33893221616744995,0.36518535017967224,0.29588237404823303
Tumor_26,primary,primary,metastatic,0.34477120637893677,0.3756202459335327,0.2796085774898529
Tumor_34,primary,primary,normal,0.37111639976501465,0.35116347670555115,0.2777201235294342
Tumor_34,primary,primary,primary,0.3944099545478821,0.3324521780014038,0.2731378376483917
Tumor_34,primary,primary,metastatic,0.38563525676727295,0.348105788230896,0.2662590444087982
Tumor_37,primary,primary,normal,0.15675123035907745,0.3476351797580719,0.49561360478401184
Tumor_37,primary,primary,primary,0.19927190244197845,0.37163734436035156,0.4290907680988312
Tumor_37,primary,primary,metastatic,0.20892976224422455,0.3922748267650604,0.39879536628723145
Tumor_40,primary,primary,normal,0.20700158178806305,0.40241485834121704,0.3905835449695587
Tumor_40,primary,primary,primary,0.2268209457397461,0.39878368377685547,0.3743954300880432
Tumor_40,primary,primary,metastatic,0.2287377268075943,0.4058143198490143,0.365447998046875
Tumor_47,primary,primary,normal,0.18829455971717834,0.3879353404045105,0.42377007007598877
Tumor_47,primary,primary,primary,0.18987712264060974,0.39768871665000916,0.4124341905117035
Tumor_47,primary,primary,metastatic,0.19798505306243896,0.41698887944221497,0.3850260078907013
Tumor_5,primary,primary,normal,0.17296913266181946,0.3870764672756195,0.43995440006256104
Tumor_5,primary,primary,primary,0.19247104227542877,0.39238211512565613,0.4151468276977539
Tumor_5,primary,primary,metastatic,0.19118694961071014,0.38900813460350037,0.41980496048927307
Tumor_52,primary,primary,normal,0.22546260058879852,0.3588002920150757,0.4157370626926422
Tumor_52,primary,primary,primary,0.22748149931430817,0.3768071234226227,0.39571139216423035
Tumor_52,primary,primary,metastatic,0.2252112776041031,0.3873082995414734,0.38748040795326233
Tumor_58,primary,primary,normal,0.46620145440101624,0.28012245893478394,0.2536761164665222
Tumor_58,primary,primary,primary,0.486039936542511,0.26481422781944275,0.24914586544036865
Tumor_58,primary,primary,metastatic,0.46532389521598816,0.27557477355003357,0.2591012716293335
Tumor_67,primary,primary,normal,0.230967715382576,0.3459368348121643,0.4230954349040985
Tumor_67,primary,primary,primary,0.24449193477630615,0.3425382673740387,0.41296976804733276
Tumor_67,primary,primary,metastatic,0.21332746744155884,0.35642197728157043,0.43025052547454834
Tumor_68,primary,primary,normal,0.14882969856262207,0.37098783254623413,0.4801824688911438
Tumor_68,primary,primary,primary,0.14884857833385468,0.36735060811042786,0.48380088806152344
Tumor_68,primary,primary,metastatic,0.14719121158123016,0.3866484463214874,0.4661603569984436
Tumor_69,primary,primary,normal,0.28053292632102966,0.4102250337600708,0.30924203991889954
Tumor_69,primary,primary,primary,0.29856738448143005,0.39403632283210754,0.3073962330818176
Tumor_69,primary,primary,metastatic,0.304053395986557,0.4022561013698578,0.2936904728412628
