number,value,params_dropout,params_hidden_size,params_learning_rate,params_num_heads,params_num_layers,params_weight_decay,user_attrs_fold_scores,user_attrs_mean_best_epoch,user_attrs_std_val_macro_f1,state
32,0.9588289967267145,0.09359223625288136,64,0.0005915286378828813,4,1,0.0001595097458497661,"[0.9487107095802747, 0.9650039844942394, 0.9627722961056294]",23.666666666666668,0.007212484978578046,COMPLETE
0,0.9537523029022893,0.22701814444901136,16,0.0005611516415334506,4,1,1.1527987128232396e-05,"[0.9334806281069992, 0.9650039844942394, 0.9627722961056294]",21.333333333333332,0.014363163707216832,COMPLETE
15,0.9537523029022893,0.18425551036102725,32,0.00012260918754749807,2,1,0.0013168594083638177,"[0.9334806281069992, 0.9650039844942394, 0.9627722961056294]",75.33333333333333,0.014363163707216832,COMPLETE
17,0.9537523029022893,0.07516237274923897,64,0.0007993719634521158,4,1,0.0005262669003232633,"[0.9334806281069992, 0.9650039844942394, 0.9627722961056294]",23.0,0.014363163707216832,COMPLETE
33,0.9537523029022893,0.29068576860559686,16,0.0005616456540398369,4,1,1.6415646364383997e-05,"[0.9334806281069992, 0.9650039844942394, 0.9627722961056294]",25.666666666666668,0.014363163707216832,COMPLETE
46,0.9537523029022893,0.141263079083443,64,0.00014207294353302073,8,1,0.00014973784016088283,"[0.9334806281069992, 0.9650039844942394, 0.9627722961056294]",57.0,0.014363163707216832,COMPLETE
41,0.9537523029022893,0.05724431853878222,64,0.0013041419362099646,8,1,0.0004981606565073437,"[0.9334806281069992, 0.9650039844942394, 0.9627722961056294]",22.0,0.014363163707216832,COMPLETE
47,0.9537523029022893,0.09343590122105998,32,0.0008683835944805501,4,1,0.0007024968762802477,"[0.9334806281069992, 0.9650039844942394, 0.9627722961056294]",15.333333333333334,0.014363163707216832,COMPLETE
1,0.9537523029022893,0.14159046082342291,64,0.0002310201887845295,2,1,0.00023345864076016249,"[0.9334806281069992, 0.9650039844942394, 0.9627722961056294]",37.333333333333336,0.014363163707216832,COMPLETE
26,0.9537097166936356,0.2373863207558425,128,0.0009189941362445058,4,3,2.1082969567914476e-05,"[0.931981981981982, 0.9495863940176031, 0.9795607740813219]",42.333333333333336,0.019641566584263175,COMPLETE
8,0.9533386689541669,0.2740228249808733,64,0.007234279845665418,2,3,8.995191735587162e-05,"[0.9308688387635756, 0.9495863940176031, 0.9795607740813219]",39.666666666666664,0.020054688839048266,COMPLETE
16,0.9532527541939503,0.2705620262916999,128,0.00035397284510561627,1,1,1.0490613992990032e-05,"[0.931981981981982, 0.9650039844942394, 0.9627722961056294]",43.333333333333336,0.015068276192850668,COMPLETE
19,0.9491966179886324,0.2498444422116346,16,0.0008609315806381482,2,1,0.0002520673449167853,"[0.9352311638426646, 0.9495863940176031, 0.9627722961056294]",24.0,0.011246997691120383,COMPLETE
2,0.9491515500896832,0.07441802850159597,32,0.0015304852121831463,2,3,0.0011290133559092666,"[0.9499516908212561, 0.934730663342164, 0.9627722961056294]",15.0,0.011461921331173216,COMPLETE
48,0.9488722867700047,0.10688871974950559,64,0.0005699838564542598,2,1,0.0012778795495976567,"[0.918840579710145, 0.9650039844942394, 0.9627722961056294]",14.666666666666666,0.02125515905943591,COMPLETE
13,0.9486131060767439,0.21549524908560302,64,0.0010142590527983002,8,1,0.00018201101335969106,"[0.9334806281069992, 0.9495863940176031, 0.9627722961056294]",14.0,0.011978061072849296,COMPLETE
44,0.9486131060767439,0.079280259226623,64,0.0018117105807886552,4,1,0.001892457112393696,"[0.9334806281069992, 0.9495863940176031, 0.9627722961056294]",7.333333333333333,0.011978061072849296,COMPLETE
45,0.9486131060767439,0.22320666876123482,32,0.0013001765314771126,2,1,1.1868600552975278e-05,"[0.9334806281069992, 0.9495863940176031, 0.9627722961056294]",8.666666666666666,0.011978061072849296,COMPLETE
43,0.9486131060767439,0.06115772340048985,64,0.00038890687494483463,4,1,0.00023898149861157464,"[0.9334806281069992, 0.9495863940176031, 0.9627722961056294]",19.333333333333332,0.011978061072849296,COMPLETE
42,0.9486131060767439,0.10467275533762783,64,0.002505640854155059,4,1,0.00011969773291762883,"[0.9334806281069992, 0.9495863940176031, 0.9627722961056294]",6.666666666666667,0.011978061072849296,COMPLETE
38,0.9486131060767439,0.10651382014799035,128,0.0006033591325816805,4,1,0.00010018549197838857,"[0.9334806281069992, 0.9495863940176031, 0.9627722961056294]",22.333333333333332,0.011978061072849296,COMPLETE
30,0.9482057711488611,0.134048425484964,32,0.00023551948385547308,2,1,0.00015039629624554368,"[0.9334806281069992, 0.9483643892339545, 0.9627722961056294]",37.333333333333336,0.011958799363040422,COMPLETE
18,0.9481135573684049,0.1571103172027835,64,0.0006552132176688933,2,3,0.00022340479996928482,"[0.931981981981982, 0.9495863940176031, 0.9627722961056294]",24.0,0.012613162352733923,COMPLETE
31,0.9477607544747672,0.05826966323290102,16,0.0010136611167332723,4,1,0.00126637150463973,"[0.9334806281069992, 0.9470293392116726, 0.9627722961056294]",14.666666666666666,0.011969452222242268,COMPLETE
36,0.9437330899444593,0.1810263145269268,32,0.0001415622180418974,8,1,0.00042295016824731013,"[0.918840579710145, 0.9495863940176031, 0.9627722961056294]",62.666666666666664,0.018406426464559086,COMPLETE
25,0.9436611958515976,0.269671313345847,32,0.00019354397415510176,2,1,0.0006728913725850471,"[0.9334806281069992, 0.934730663342164, 0.9627722961056294]",59.0,0.013523221058905344,COMPLETE
34,0.9436611958515976,0.12309463897895209,16,0.0001245920385822627,1,1,0.00035182653331306116,"[0.9334806281069992, 0.934730663342164, 0.9627722961056294]",79.0,0.013523221058905344,COMPLETE
6,0.9436611958515976,0.19031929939237408,128,0.0004187594718900631,8,2,0.002055424552015075,"[0.9334806281069992, 0.934730663342164, 0.9627722961056294]",23.666666666666668,0.013523221058905344,COMPLETE
39,0.9436611958515976,0.2297365750277467,16,0.00028139297957842255,8,1,2.7136757233654435e-05,"[0.9334806281069992, 0.934730663342164, 0.9627722961056294]",31.666666666666668,0.013523221058905344,COMPLETE
14,0.9430864646502441,0.13185117880079927,16,0.00037898607769939476,4,1,1.1004829030776862e-05,"[0.9334806281069992, 0.9330064697381039, 0.9627722961056294]",22.666666666666668,0.01392133079383518,COMPLETE
23,0.9426253105008476,0.18161596061757165,64,0.0002000200367803245,4,1,0.001010133391117703,"[0.9155172413793103, 0.9495863940176031, 0.9627722961056294]",41.0,0.019909839478547395,COMPLETE
10,0.9385555653178871,0.21256292930801432,16,0.0021366725289602142,4,1,2.3914412319480552e-05,"[0.9334806281069992, 0.9650039844942394, 0.9171820833524228]",10.333333333333334,0.019850269485580656,COMPLETE
37,0.9385227203068283,0.171791816274096,64,0.0002507867817032329,2,1,6.467432794169975e-05,"[0.9155172413793103, 0.9650039844942394, 0.9350469350469351]",35.666666666666664,0.020351826263841986,COMPLETE
11,0.9383486013027408,0.245757505514362,16,0.00012971890170946395,4,1,6.32991119372214e-05,"[0.918840579710145, 0.9495863940176031, 0.946618830180474]",73.33333333333333,0.013847353263945298,COMPLETE
21,0.9382767072098791,0.17403332006375744,32,0.00036871381480232837,2,1,0.002777112513986465,"[0.9334806281069992, 0.934730663342164, 0.946618830180474]",25.333333333333332,0.005920805618871138,COMPLETE
28,0.9382120223085254,0.19716921990232428,32,0.00018832918285128592,1,2,0.0003130930238483886,"[0.9171331074777828, 0.934730663342164, 0.9627722961056294]",56.333333333333336,0.018794037704221347,COMPLETE
5,0.9381615586388952,0.07896726488128243,64,0.0035033984911586884,2,1,0.0038842777547031426,"[0.9334806281069992, 0.9182317517040567, 0.9627722961056294]",6.0,0.01848239444950148,COMPLETE
20,0.9376734002757012,0.05484321077858677,128,0.0006831924796578076,2,1,6.220370619702141e-05,"[0.9155172413793103, 0.934730663342164, 0.9627722961056294]",13.0,0.019403690796544453,COMPLETE
12,0.9374578551418215,0.07655214711568999,64,0.000116743679195356,2,1,0.0002018172363821237,"[0.9007507507507508, 0.9650039844942394, 0.946618830180474]",55.666666666666664,0.0270192784182943,COMPLETE
9,0.9353186930368548,0.1308007330051888,16,0.00432543242796456,8,3,0.0003600575029200903,"[0.9228173816985459, 0.920366401306389, 0.9627722961056294]",24.0,0.01943839957942455,COMPLETE
35,0.9342793602659284,0.08160491265645688,64,0.00047196169114792135,4,2,0.00020086610248090596,"[0.9334806281069992, 0.9065851565851566, 0.9627722961056294]",23.666666666666668,0.02294525574302962,COMPLETE
22,0.9333966910775944,0.27254567223295706,32,0.0003790059541642466,4,2,1.267284441462309e-05,"[0.918840579710145, 0.934730663342164, 0.946618830180474]",42.666666666666664,0.011379584389014808,COMPLETE
24,0.9327512367328481,0.19383959280603769,128,0.00011864516290657206,2,1,0.0014755673592973875,"[0.9007507507507508, 0.934730663342164, 0.9627722961056294]",69.33333333333333,0.025358846179431037,COMPLETE
7,0.9319977246000256,0.23888778463576216,64,0.0001124186209579306,2,2,4.857295179217165e-05,"[0.8984902143522833, 0.934730663342164, 0.9627722961056294]",83.0,0.026314105523618323,COMPLETE
29,0.9307923476983189,0.24090403878344777,16,0.0010658534890548752,1,2,3.994259675143151e-05,"[0.9171331074777828, 0.9495863940176031, 0.9256575415995706]",24.0,0.013737506495302759,COMPLETE
49,0.9283391808187572,0.17792168502225297,32,0.00010198854542674477,1,1,0.004819128011396681,"[0.9334806281069992, 0.9164899793023373, 0.9350469350469351]",72.66666666666667,0.008403015799503904,COMPLETE
40,0.9279930179658455,0.12319600890657184,16,0.00010511656652526304,2,1,0.006071699616193662,"[0.9047167784895697, 0.9164899793023373, 0.9627722961056294]",59.333333333333336,0.025057942257732425,COMPLETE
27,0.9232113361514637,0.16288758225994135,32,0.0001073887681636037,2,3,0.0013628497579846553,"[0.8864953110423724, 0.920366401306389, 0.9627722961056294]",68.33333333333333,0.031204859165303314,COMPLETE
4,0.9175996992808412,0.18567402078956213,128,0.00015030900645056822,2,3,2.6471141828218167e-05,"[0.8835960344365614, 0.9064307673003326, 0.9627722961056294]",54.666666666666664,0.033274403417252546,COMPLETE
3,0.9160133183563136,0.24378320584027863,16,0.00011715937392307068,8,3,0.006584106160121612,"[0.9007507507507508, 0.8845169082125603, 0.9627722961056294]",64.33333333333333,0.03372126837283808,COMPLETE
