molecule,molecule_type,xgboost_score,xgboost_rank,gat_attention_score,gat_attention_rank,agreement_score,xgboost_percentile_score,gat_percentile_score,consensus_min_score,consensus_harmonic_score,rank_sum,max_rank,strict_consensus_flag,moderate_consensus_flag,biomarker_priority_group,appears_in_regulatory_pair,regulatory_pair_partners,notes
hsa-miR-490-3p,miRNA,0.028893571,17,3.7782786481597634,4,0.3088235294117647,0.8904109589041096,0.9794520547945206,0.8904109589041096,0.9328114807566862,21,17,True,True,strict_consensus,False,,present in both models; strict consensus; top-10 GAT
hsa-miR-1979,miRNA,0.09854746,6,3.4329872455229946,19,0.21929824561403508,0.9657534246575342,0.8767123287671232,0.8767123287671232,0.9190813260681366,25,19,True,True,strict_consensus,False,,present in both models; strict consensus; top-10 XGBoost
hsa-let-7f,miRNA,0.01776128,23,3.843821413497975,2,0.5434782608695652,0.8493150684931506,0.9931506849315068,0.8493150684931506,0.9156184753271883,25,23,True,True,strict_consensus,False,,present in both models; strict consensus; top-10 GAT
hsa-let-7g,miRNA,0.031935234,15,3.4704506765416956,13,0.14358974358974358,0.9041095890410958,0.9178082191780822,0.9041095890410958,0.9109074055000514,28,15,True,True,strict_consensus,False,,present in both models; strict consensus
hsa-miR-130b,miRNA,0.021832751,19,3.542945344833299,9,0.16374269005847952,0.8767123287671232,0.9452054794520548,0.8767123287671232,0.9096714388711504,28,19,True,True,strict_consensus,False,,present in both models; strict consensus; top-10 GAT
hsa-miR-425,miRNA,0.038761716,13,3.437331999285502,17,0.13574660633484165,0.9178082191780822,0.8904109589041096,0.8904109589041096,0.9039020340390204,30,17,True,True,strict_consensus,False,,present in both models; strict consensus
hsa-miR-421,miRNA,0.04711307,11,3.3039615459720353,26,0.12937062937062938,0.9315068493150684,0.8287671232876712,0.8287671232876712,0.8771387452694418,37,26,False,True,moderate_consensus,False,,present in both models; moderate consensus
hsa-miR-106b,miRNA,0.4159516,2,3.208535748623074,41,0.524390243902439,0.9931506849315068,0.726027397260274,0.726027397260274,0.8388364350815914,43,41,False,True,moderate_consensus,False,,present in both models; moderate consensus; top-10 XGBoost
hsa-miR-200a,miRNA,0.01026173,35,3.4569725934713293,14,0.09999999999999999,0.7671232876712328,0.910958904109589,0.7671232876712328,0.8328767123287671,49,35,False,True,moderate_consensus,False,,present in both models; moderate consensus
hsa-miR-660,miRNA,0.019486805,22,3.279734125588722,31,0.07771260997067449,0.8561643835616438,0.7945205479452054,0.7945205479452054,0.824191439777184,53,31,False,True,moderate_consensus,False,,present in both models; moderate consensus
hsa-miR-509-3p,miRNA,0.0062260716,42,3.5107810130005985,11,0.11471861471861472,0.7191780821917808,0.9315068493150684,0.7191780821917808,0.811686466208151,53,42,False,True,moderate_consensus,True,IL1A,present in both models; regulatory pair member; moderate consensus
PLAUR,mRNA,0.00784346,38,3.43703177196786,18,0.08187134502923976,0.7465753424657534,0.8835616438356164,0.7465753424657534,0.8093127662023714,56,38,False,True,moderate_consensus,False,,present in both models; moderate consensus
hsa-miR-708,miRNA,0.09243771,7,3.1556380709454896,46,0.16459627329192544,0.958904109589041,0.6917808219178082,0.6917808219178082,0.8037287557551298,53,46,False,True,moderate_consensus,False,,present in both models; moderate consensus; top-10 XGBoost
hsa-miR-374b,miRNA,0.015868383,26,3.129414389752087,50,0.05846153846153847,0.8287671232876712,0.6643835616438356,0.6643835616438356,0.7375267060449918,76,50,False,True,moderate_consensus,False,,present in both models; moderate consensus
hsa-miR-15a,miRNA,0.011780742,33,3.1364619127038798,49,0.05071119356833642,0.7808219178082192,0.6712328767123288,0.6712328767123288,0.7218919617472215,82,49,False,True,moderate_consensus,False,,present in both models; moderate consensus
hsa-miR-15b,miRNA,0.0053481357,47,3.1882136189576946,44,0.044003868471953575,0.684931506849315,0.7054794520547946,0.684931506849315,0.6950536473446252,91,47,False,True,moderate_consensus,False,,present in both models; moderate consensus
hsa-miR-98,miRNA,0.004334397,51,3.8625976886461557,1,1.0196078431372548,0.6575342465753424,1.0,0.6575342465753424,0.7933884297520661,52,51,False,False,gat_dominant,False,,present in both models; GAT-dominant; top-10 GAT
MMP14,mRNA,0.003982968,52,3.640470567947015,5,0.21923076923076923,0.6506849315068494,0.9726027397260274,0.6506849315068494,0.7797237153921739,57,52,False,False,gat_dominant,False,,present in both models; GAT-dominant; top-10 GAT
hsa-miR-29b,miRNA,0.15521216,5,3.1216629906260285,52,0.21923076923076923,0.9726027397260274,0.6506849315068494,0.6506849315068494,0.7797237153921739,57,52,False,False,xgboost_dominant,False,,present in both models; XGBoost-dominant; top-10 XGBoost
hsa-miR-194,miRNA,0.04711995,10,3.128141068457131,51,0.11960784313725491,0.9383561643835616,0.6575342465753424,0.6575342465753424,0.7732376976894585,61,51,False,False,xgboost_dominant,False,,present in both models; XGBoost-dominant; top-10 XGBoost
hsa-miR-151-3p,miRNA,0.038253024,14,3.0060680628793826,64,0.08705357142857142,0.910958904109589,0.5684931506849316,0.5684931506849316,0.7000887874175545,78,64,False,False,weak_consensus,False,,present in both models
hsa-miR-24,miRNA,0.0038236727,53,3.2344951152286336,39,0.04450895016932753,0.6438356164383562,0.7397260273972602,0.6438356164383562,0.6884578868845789,92,53,False,False,weak_consensus,False,,present in both models
hsa-miR-16 (+++ See note below),miRNA,0.0022611073,69,3.577100468175285,8,0.13949275362318841,0.5342465753424658,0.952054794520548,0.5342465753424658,0.6844264882267534,77,69,False,False,gat_dominant,False,,present in both models; GAT-dominant; top-10 GAT
S100A4,mRNA,0.002911764,64,3.381689792360239,23,0.059103260869565216,0.5684931506849316,0.8493150684931506,0.5684931506849316,0.6810932433326715,87,64,False,False,weak_consensus,False,,present in both models
hsa-miR-362-3p,miRNA,0.0033888875,59,3.2526984507257612,34,0.04636091724825524,0.6027397260273972,0.773972602739726,0.6027397260273972,0.6777073536427451,93,59,False,False,weak_consensus,False,,present in both models
hsa-miR-21,miRNA,0.030194324,16,2.9968418341149845,68,0.07720588235294118,0.8972602739726028,0.541095890410959,0.541095890410959,0.6750815394651012,84,68,False,False,weak_consensus,False,,present in both models
hsa-miR-106a+hsa-miR-17,miRNA,0.0018981835,71,3.536138710694666,10,0.11408450704225352,0.5205479452054794,0.9383561643835616,0.5205479452054794,0.6696250562737154,81,71,False,False,gat_dominant,False,,present in both models; GAT-dominant; top-10 GAT
ETS1,mRNA,0.0022715963,68,3.4220992273878927,21,0.062324929971988796,0.541095890410959,0.863013698630137,0.541095890410959,0.6651520213832276,89,68,False,False,weak_consensus,False,,present in both models
MMP2,mRNA,0.0034607372,57,3.189438881550697,43,0.04079967360261118,0.6164383561643836,0.7123287671232876,0.6164383561643836,0.6609235983618134,100,57,False,False,weak_consensus,False,,present in both models
CSK,mRNA,0.0026492148,65,3.273516121736549,32,0.046634615384615385,0.5616438356164384,0.7876712328767124,0.5616438356164384,0.6557263055420347,97,65,False,False,weak_consensus,False,,present in both models
JUN,mRNA,0.003429969,58,3.1489625218760304,47,0.038517975055025674,0.6095890410958904,0.684931506849315,0.6095890410958904,0.6450677683554396,105,58,False,False,weak_consensus,False,,present in both models
FGFR1,mRNA,0.005748634,44,3.0220054062281516,61,0.039120715350223545,0.7054794520547946,0.589041095890411,0.589041095890411,0.6420236283249983,105,61,False,False,weak_consensus,False,,present in both models
hsa-miR-101,miRNA,0.0016539836,75,3.289042482836211,30,0.04666666666666667,0.4931506849315068,0.8013698630136986,0.4931506849315068,0.6105675146771037,105,75,False,False,weak_consensus,False,,present in both models
PTK7,mRNA,0.0032690736,60,3.0845121381249516,56,0.034523809523809526,0.5958904109589042,0.6232876712328768,0.5958904109589042,0.6092812067107897,116,60,False,False,weak_consensus,False,,present in both models
TIMP2,mRNA,0.0038142102,54,3.001951702900151,65,0.0339031339031339,0.636986301369863,0.5616438356164384,0.5616438356164384,0.5969471624266144,119,65,False,False,weak_consensus,False,,present in both models
CDKN1A,mRNA,0.0011264539,83,3.411908687211257,22,0.05750273822562979,0.4383561643835616,0.8561643835616438,0.4383561643835616,0.5798361962745524,105,83,False,False,weak_consensus,False,,present in both models
hsa-miR-340,miRNA,0.0015330435,77,3.1609035376459365,45,0.03520923520923521,0.4794520547945205,0.6986301369863014,0.4794520547945205,0.5686524370818732,122,77,False,False,weak_consensus,False,,present in both models
hsa-miR-1975,miRNA,0.028750163,18,2.789507592592309,86,0.06718346253229973,0.8835616438356164,0.4178082191780822,0.4178082191780822,0.5673395818312905,104,86,False,False,weak_consensus,False,,present in both models
hsa-miR-429,miRNA,0.00085549493,89,3.6399302038740613,6,0.17790262172284643,0.3972602739726027,0.9657534246575342,0.3972602739726027,0.5629517450265024,95,89,False,False,gat_dominant,True,NOTCH1; PTHLH,present in both models; regulatory pair member; GAT-dominant; top-10 GAT
hsa-miR-1308,miRNA,0.007464558,39,2.8277899564263675,81,0.03798670465337132,0.7397260273972602,0.4520547945205479,0.4520547945205479,0.5611714690599906,120,81,False,False,weak_consensus,False,,present in both models
CSF3R,mRNA,0.0032482708,61,2.979631705982412,71,0.03047794966520434,0.589041095890411,0.5205479452054794,0.5205479452054794,0.5526805344156942,132,71,False,False,weak_consensus,False,,present in both models
hsa-miR-19b,miRNA,0.0015623355,76,3.050792697470319,59,0.030107047279214986,0.4863013698630137,0.6027397260273972,0.4863013698630137,0.5382958559489963,135,76,False,False,weak_consensus,False,,present in both models
IGF1,mRNA,0.0015136029,78,3.057155000353033,57,0.030364372469635626,0.4726027397260274,0.6164383561643836,0.4726027397260274,0.535021969501163,135,78,False,False,weak_consensus,True,hsa-miR-142-5p,present in both models; regulatory pair member
hsa-miR-1290,miRNA,0.011097178,34,2.7386111526432986,88,0.04077540106951871,0.773972602739726,0.4041095890410959,0.4041095890410959,0.5309812042051608,122,88,False,False,weak_consensus,False,,present in both models
hsa-miR-10b,miRNA,0.24803752,3,2.681231123038588,95,0.343859649122807,0.9863013698630136,0.3561643835616438,0.3561643835616438,0.523343584008946,98,95,False,False,xgboost_dominant,False,,present in both models; XGBoost-dominant; top-10 XGBoost
FOS,mRNA,0.0010784022,84,3.0515731024218997,58,0.02914614121510673,0.4315068493150685,0.6095890410958904,0.4315068493150685,0.5053172314347513,142,84,False,False,weak_consensus,False,,present in both models
EPS8,mRNA,0.0017415818,73,2.9126541762652383,75,0.027031963470319637,0.5068493150684932,0.4931506849315068,0.4931506849315068,0.499906173766185,148,75,False,False,weak_consensus,False,,present in both models
hsa-miR-146a,miRNA,0.045545753,12,2.6722841994400985,97,0.0936426116838488,0.9246575342465754,0.3424657534246575,0.3424657534246575,0.49981488337652724,109,97,False,False,weak_consensus,False,,present in both models
TIMP3,mRNA,0.001866812,72,2.897144557690208,77,0.026875901875901876,0.5136986301369864,0.4794520547945205,0.4794520547945205,0.4959848842701937,149,77,False,False,weak_consensus,False,,present in both models
ETV6,mRNA,0.0007333258,98,3.4917050421019975,12,0.09353741496598639,0.3356164383561644,0.9246575342465754,0.3356164383561644,0.49248064324002383,110,98,False,False,weak_consensus,False,,present in both models
hsa-let-7c,miRNA,0.0009787872,87,3.00867320699221,62,0.027623285131627734,0.410958904109589,0.5821917808219178,0.410958904109589,0.4818138875767595,149,87,False,False,weak_consensus,False,,present in both models
hsa-miR-125b,miRNA,0.06610242,8,2.649636153854984,100,0.135,0.952054794520548,0.3219178082191781,0.3219178082191781,0.481145971424363,108,100,False,False,xgboost_dominant,False,,present in both models; XGBoost-dominant; top-10 XGBoost
hsa-miR-26b,miRNA,0.00077798957,96,3.247655222459915,36,0.03819444444444444,0.3493150684931507,0.7602739726027398,0.3493150684931507,0.4786910197869102,132,96,False,False,weak_consensus,False,,present in both models
hsa-miR-142-5p,miRNA,0.0021172683,70,2.8069762671564487,84,0.026190476190476188,0.5273972602739726,0.4315068493150685,0.4315068493150685,0.4746575342465753,154,84,False,False,weak_consensus,True,IGF1,present in both models; regulatory pair member
PLAT,mRNA,0.00077100727,97,3.2495928890408683,35,0.038880706921944036,0.3424657534246575,0.7671232876712328,0.3424657534246575,0.47353289362421774,132,97,False,False,weak_consensus,False,,present in both models
MMP9,mRNA,0.0030124362,63,2.7222496159572875,90,0.026984126984126985,0.5753424657534246,0.3904109589041096,0.3904109589041096,0.4651705042261731,153,90,False,False,weak_consensus,False,,present in both models
hsa-miR-19a,miRNA,0.0012107752,82,2.899313041236884,76,0.025353016688061617,0.4452054794520548,0.4863013698630137,0.4452054794520548,0.4648468976631749,158,82,False,False,weak_consensus,False,,present in both models
CCNE1,mRNA,0.0031698593,62,2.7107623730132233,91,0.027118043247075507,0.5821917808219178,0.3835616438356164,0.3835616438356164,0.4624502088798212,153,91,False,False,weak_consensus,False,,present in both models
TGFBI,mRNA,0.00091004994,88,2.982965786366704,70,0.02564935064935065,0.4041095890410959,0.5273972602739726,0.4041095890410959,0.4575946817082998,158,88,False,False,weak_consensus,False,,present in both models
hsa-miR-2117,miRNA,0.06192409,9,2.5777271543034996,104,0.12072649572649571,0.9452054794520548,0.2945205479452055,0.2945205479452055,0.4491031559827443,113,104,False,False,xgboost_dominant,True,SPP1,present in both models; regulatory pair member; XGBoost-dominant; top-10 XGBoost
hsa-miR-1305,miRNA,0.0013611803,81,2.826739972516735,82,0.02454080096356519,0.4520547945205479,0.4452054794520548,0.4452054794520548,0.44860399456237576,163,82,False,False,weak_consensus,False,,present in both models
hsa-miR-195,miRNA,0.0006262913,100,3.2146885186196,40,0.035,0.3219178082191781,0.7328767123287672,0.3219178082191781,0.4473403309019748,140,100,False,False,weak_consensus,False,,present in both models
MMP1,mRNA,0.013866107,30,2.5826755343599515,103,0.043042071197411005,0.8013698630136986,0.3013698630136986,0.3013698630136986,0.4380158257466179,133,103,False,False,weak_consensus,False,,present in both models
IL8,mRNA,0.0049902447,50,2.6051821361711998,102,0.02980392156862745,0.6643835616438356,0.3082191780821918,0.3082191780821918,0.4210881728728536,152,102,False,False,weak_consensus,False,,present in both models
SPP1,mRNA,0.0014440828,79,2.698600244212975,92,0.023527793065492568,0.4657534246575342,0.3767123287671233,0.3767123287671233,0.4165274529457623,171,92,False,False,weak_consensus,True,hsa-miR-2117,present in both models; regulatory pair member
hsa-miR-934,miRNA,0.014446395,29,2.4633908055801976,107,0.04382855301321302,0.8082191780821918,0.273972602739726,0.273972602739726,0.4092249002947807,136,107,False,False,weak_consensus,True,ESR1,present in both models; regulatory pair member
CEBPA,mRNA,0.0053604525,46,2.5298319041847876,105,0.03126293995859213,0.6917808219178082,0.2876712328767123,0.2876712328767123,0.4063607625251461,151,105,False,False,weak_consensus,False,,present in both models
hsa-miR-199a-5p,miRNA,0.015330441,28,2.4511682865943056,108,0.04497354497354497,0.815068493150685,0.2671232876712329,0.2671232876712329,0.4023755852262875,136,108,False,False,weak_consensus,False,,present in both models
hsa-miR-542-3p,miRNA,0.6675424,1,2.4141757269885304,111,1.009009009009009,1.0,0.2465753424657534,0.2465753424657534,0.39560439560439553,112,111,False,False,xgboost_dominant,True,FLT3,present in both models; regulatory pair member; XGBoost-dominant; top-10 XGBoost
hsa-miR-141,miRNA,0.0005775296,103,2.9956644274730304,69,0.024201491487266073,0.3013698630136986,0.5342465753424658,0.3013698630136986,0.38535818549292616,172,103,False,False,weak_consensus,False,,present in both models
hsa-miR-32,miRNA,0.006410078,41,2.4209183875392086,109,0.03356455582904453,0.726027397260274,0.2602739726027397,0.2602739726027397,0.3831811263318113,150,109,False,False,weak_consensus,False,,present in both models
hsa-miR-1274a,miRNA,0.0013690875,80,2.6173044719059577,101,0.0224009900990099,0.4589041095890411,0.3150684931506849,0.3150684931506849,0.37362104497514853,181,101,False,False,weak_consensus,False,,present in both models
hsa-miR-135b,miRNA,0.0008484103,90,2.678367937627703,96,0.021527777777777778,0.3904109589041096,0.3493150684931507,0.3493150684931507,0.36872146118721455,186,96,False,False,weak_consensus,False,,present in both models
hsa-miR-96,miRNA,0.0003565997,114,3.5848532872165526,7,0.15162907268170425,0.22602739726027396,0.958904109589041,0.22602739726027396,0.36582468920737987,121,114,False,False,gat_dominant,False,,present in both models; GAT-dominant; top-10 GAT
CAV1,mRNA,0.0005411125,108,3.006424491937728,63,0.02513227513227513,0.2671232876712329,0.5753424657534246,0.2671232876712329,0.36485131974607415,171,108,False,False,weak_consensus,False,,present in both models
hsa-miR-374a,miRNA,0.00034969577,115,3.4451084218304997,15,0.07536231884057971,0.2191780821917808,0.9041095890410958,0.2191780821917808,0.3528232542599398,130,115,False,False,weak_consensus,False,,present in both models
hsa-miR-18b,miRNA,0.0007964779,92,2.6524627713456836,99,0.020970575318401408,0.3767123287671233,0.3287671232876712,0.3287671232876712,0.3511105200159596,191,99,False,False,weak_consensus,False,,present in both models
LCK,mRNA,0.0035417974,56,2.4110778656272975,112,0.026785714285714284,0.6232876712328768,0.23972602739726026,0.23972602739726026,0.3462709284627093,168,112,False,False,weak_consensus,False,,present in both models
hsa-miR-497,miRNA,0.00042604812,112,3.0305879220683516,60,0.025595238095238095,0.23972602739726026,0.5958904109589042,0.23972602739726026,0.34190433415674826,172,112,False,False,weak_consensus,False,,present in both models
hsa-miR-145,miRNA,0.24338247,4,2.3530067050671013,117,0.25854700854700857,0.9794520547945206,0.2054794520547945,0.2054794520547945,0.3396943542639955,121,117,False,False,xgboost_dominant,False,,present in both models; XGBoost-dominant; top-10 XGBoost
COL1A1,mRNA,0.0005715221,104,2.7363384247143214,89,0.02085133967156439,0.2945205479452055,0.3972602739726027,0.2945205479452055,0.3382612233826122,193,104,False,False,weak_consensus,False,,present in both models
hsa-miR-150,miRNA,0.001737085,74,2.418985692249174,110,0.022604422604422605,0.5,0.2534246575342466,0.2534246575342466,0.33636363636363636,184,110,False,False,weak_consensus,False,,present in both models
MYCL1,mRNA,0.012091979,32,2.355006166535647,116,0.03987068965517242,0.7876712328767124,0.21232876712328766,0.21232876712328766,0.33449052355038467,148,116,False,False,weak_consensus,False,,present in both models
EGR1,mRNA,0.00059912127,102,2.695311518148223,94,0.020442219440967878,0.3082191780821918,0.363013698630137,0.3082191780821918,0.3333799273133911,196,102,False,False,weak_consensus,False,,present in both models
hsa-miR-154,miRNA,0.00069028133,99,2.664960822219306,98,0.020305091733663162,0.3287671232876712,0.3356164383561644,0.3287671232876712,0.33215647507414203,197,99,False,False,weak_consensus,False,,present in both models
hsa-miR-200b,miRNA,0.0004828911,111,2.94706301123617,73,0.022707639145995308,0.2465753424657534,0.5068493150684932,0.2465753424657534,0.33175591531755916,184,111,False,False,weak_consensus,False,,present in both models
BCL2A1,mRNA,0.00051995966,109,2.7994094009293193,85,0.020939017808958446,0.2602739726027397,0.4246575342465753,0.2602739726027397,0.32273972602739726,194,109,False,False,weak_consensus,False,,present in both models
L1CAM,mRNA,0.016034823,25,2.3520722846956335,118,0.04847457627118644,0.8356164383561644,0.19863013698630136,0.19863013698630136,0.3209652544679307,143,118,False,False,weak_consensus,False,,present in both models
hsa-miR-27a,miRNA,0.0002780582,118,3.2975825423850353,29,0.042957334891876094,0.19863013698630136,0.8082191780821918,0.19863013698630136,0.31888919951542255,147,118,False,False,weak_consensus,False,,present in both models
hsa-miR-9,miRNA,0.00078602287,94,2.4716252643278156,106,0.02007226013649137,0.363013698630137,0.2808219178082192,0.2808219178082192,0.316671524336928,200,106,False,False,weak_consensus,False,,present in both models
hsa-miR-128,miRNA,0.00030150748,117,3.1132781133055683,54,0.027065527065527065,0.2054794520547945,0.636986301369863,0.2054794520547945,0.3107250250584698,171,117,False,False,weak_consensus,False,,present in both models
TNFRSF1B,mRNA,0.00030704943,116,2.997990377960686,66,0.023772204806687566,0.21232876712328766,0.5547945205479452,0.21232876712328766,0.3071183953033268,182,116,False,False,weak_consensus,False,,present in both models
hsa-miR-93,miRNA,0.00023040554,119,3.242553928005012,38,0.03471915081822202,0.1917808219178082,0.7465753424657534,0.1917808219178082,0.30516948305169483,157,119,False,False,weak_consensus,False,,present in both models
hsa-let-7i,miRNA,0.00020633511,121,3.4386713457234364,16,0.07076446280991736,0.1780821917808219,0.8972602739726028,0.1780821917808219,0.2971817467934735,137,121,False,False,weak_consensus,False,,present in both models
hsa-miR-203,miRNA,0.0058737057,43,2.306576557824032,121,0.03152027676340573,0.7123287671232876,0.1780821917808219,0.1780821917808219,0.28493150684931506,164,121,False,False,weak_consensus,False,,present in both models
hsa-miR-148a,miRNA,0.00020009051,123,3.267873280800561,33,0.038433111603843315,0.1643835616438356,0.7808219178082192,0.1643835616438356,0.27159023228111967,156,123,False,False,weak_consensus,False,,present in both models
hsa-miR-25,miRNA,0.00020449286,122,3.1079814840266673,55,0.026378539493293593,0.17123287671232876,0.6301369863013698,0.17123287671232876,0.26928931038520076,177,122,False,False,weak_consensus,False,,present in both models
hsa-miR-155,miRNA,0.017199088,24,2.207513989524004,124,0.04973118279569892,0.8424657534246576,0.15753424657534246,0.15753424657534246,0.26543441546256336,148,124,False,False,weak_consensus,False,,present in both models
LIF,mRNA,0.001056554,85,2.3184606137962884,119,0.020168067226890754,0.4246575342465753,0.1917808219178082,0.1917808219178082,0.2642313546423135,204,119,False,False,weak_consensus,False,,present in both models
hsa-miR-1978,miRNA,0.00056651817,106,2.3787825042976336,115,0.018129614438063987,0.2808219178082192,0.2191780821917808,0.2191780821917808,0.24620003753049352,221,115,False,False,weak_consensus,False,,present in both models
hsa-miR-548g,miRNA,0.0037702136,55,2.152687610919646,126,0.026118326118326117,0.6301369863013698,0.14383561643835616,0.14383561643835616,0.23421020729785424,181,126,False,False,weak_consensus,False,,present in both models
hsa-miR-99a,miRNA,0.00018947819,125,2.8729970945203887,79,0.020658227848101264,0.1506849315068493,0.4657534246575342,0.1506849315068493,0.22770167427701668,204,125,False,False,weak_consensus,False,,present in both models
FLT3,mRNA,0.01022553,36,2.1067349324795477,128,0.035590277777777776,0.7602739726027398,0.13013698630136986,0.13013698630136986,0.22223393045310855,164,128,False,False,weak_consensus,True,hsa-miR-542-3p,present in both models; regulatory pair member
hsa-miR-142-3p,miRNA,0.001026415,86,2.1929200261811466,125,0.019627906976744186,0.4178082191780822,0.1506849315068493,0.1506849315068493,0.22148869450404354,211,125,False,False,weak_consensus,False,,present in both models
CD34,mRNA,0.00011549495,128,3.1957377634268815,42,0.03162202380952381,0.13013698630136986,0.7191780821917808,0.13013698630136986,0.22039328325231994,170,128,False,False,weak_consensus,False,,present in both models
IGFBP6,mRNA,0.00014732541,127,2.959200910748319,72,0.021762904636920384,0.136986301369863,0.5136986301369864,0.136986301369863,0.21629416005767846,199,127,False,False,weak_consensus,False,,present in both models
hsa-miR-484,miRNA,0.00011385723,129,3.42433438167729,20,0.05775193798449613,0.1232876712328767,0.8698630136986302,0.1232876712328767,0.21596598960793578,149,129,False,False,weak_consensus,False,,present in both models
hsa-miR-210,miRNA,0.0005685409,105,2.2851006725129297,122,0.017720530835284937,0.2876712328767123,0.17123287671232876,0.17123287671232876,0.21468002453485996,227,122,False,False,weak_consensus,False,,present in both models
ESR1,mRNA,0.00048756573,110,2.314133840325744,120,0.017424242424242425,0.2534246575342466,0.18493150684931506,0.18493150684931506,0.21382705479452055,230,120,False,False,weak_consensus,True,hsa-miR-107; hsa-miR-934,present in both models; regulatory pair member
hsa-miR-200c,miRNA,0.00018036907,126,2.7411096024307153,87,0.019430760810071154,0.14383561643835616,0.410958904109589,0.14383561643835616,0.21308980213089798,213,126,False,False,weak_consensus,False,,present in both models
CASP10,mRNA,0.0052620578,49,2.087817508697589,129,0.028160101249802245,0.6712328767123288,0.1232876712328767,0.1232876712328767,0.20831365139348132,178,129,False,False,weak_consensus,False,,present in both models
IL1A,mRNA,0.020426191,21,2.0744402516246874,130,0.05531135531135531,0.863013698630137,0.11643835616438356,0.11643835616438356,0.2051920682057668,151,130,False,False,weak_consensus,True,hsa-miR-509-3p,present in both models; regulatory pair member
hsa-miR-216a,miRNA,0.00020834953,120,2.3810612695747397,114,0.017105263157894735,0.18493150684931506,0.22602739726027396,0.18493150684931506,0.20342465753424657,234,120,False,False,weak_consensus,False,,present in both models
hsa-miR-183,miRNA,0.00010604659,130,3.2425806322333193,37,0.03471933471933472,0.11643835616438356,0.7534246575342466,0.11643835616438356,0.20170423902491638,167,130,False,False,weak_consensus,False,,present in both models
hsa-miR-494 (+++ See note below),miRNA,0.012843519,31,2.022008527337791,131,0.03989165230238857,0.7945205479452054,0.1095890410958904,0.1095890410958904,0.1926110419261104,162,131,False,False,weak_consensus,False,,present in both models
TGFA,mRNA,0.00019474067,124,2.396019377587165,113,0.01691407365115615,0.15753424657534246,0.2328767123287671,0.15753424657534246,0.1879355924056717,237,124,False,False,weak_consensus,False,,present in both models
hsa-miR-1246,miRNA,0.00054708077,107,2.1163780295012637,127,0.01721981014055486,0.273972602739726,0.136986301369863,0.136986301369863,0.182648401826484,234,127,False,False,weak_consensus,False,,present in both models
TNF,mRNA,0.00010514419,131,2.8906124253222276,78,0.02045410060677236,0.1095890410958904,0.4726027397260274,0.1095890410958904,0.1779210314262691,209,131,False,False,weak_consensus,False,,present in both models
hsa-miR-187,miRNA,0.0055219424,45,1.92639874312234,133,0.029741019214703426,0.6986301369863014,0.0958904109589041,0.0958904109589041,0.16863486065186584,178,133,False,False,weak_consensus,False,,present in both models
GAS1,mRNA,7.319117e-05,132,2.6978359161975227,93,0.018328445747800588,0.10273972602739725,0.3698630136986301,0.10273972602739725,0.16081000595592612,225,132,False,False,weak_consensus,False,,present in both models
MMP3,mRNA,0.00060101296,101,1.9634619995634612,132,0.01747674767476748,0.3150684931506849,0.10273972602739725,0.10273972602739725,0.15495171794295978,233,132,False,False,weak_consensus,False,,present in both models
hsa-miR-205,miRNA,0.021395946,20,1.8888430736780644,135,0.05740740740740741,0.8698630136986302,0.0821917808219178,0.0821917808219178,0.1501921750271016,155,135,False,False,weak_consensus,False,,present in both models
hsa-miR-20a+hsa-miR-20b,miRNA,0.0,135,3.3483485939833257,24,0.049074074074074076,0.0821917808219178,0.8424657534246576,0.0821917808219178,0.14977168949771688,159,135,False,False,weak_consensus,False,,present in both models
PDGFRA,mRNA,5.059418e-05,134,2.8307353460646056,80,0.01996268656716418,0.08904109589041095,0.4589041095890411,0.08904109589041095,0.14914383561643835,214,134,False,False,weak_consensus,False,,present in both models
WFDC2,mRNA,0.0023263074,67,1.8785626828829023,136,0.022278314310798946,0.547945205479452,0.07534246575342465,0.07534246575342465,0.1324702694565708,203,136,False,False,weak_consensus,False,,present in both models
hsa-miR-107,miRNA,0.0,137,3.3011087277468207,27,0.044336307110029734,0.0684931506849315,0.821917808219178,0.0684931506849315,0.12644889357218123,164,137,False,False,weak_consensus,True,ESR1,present in both models; regulatory pair member
PLA2G2A,mRNA,0.007435751,40,1.8509233602065034,137,0.0322992700729927,0.7328767123287672,0.0684931506849315,0.0684931506849315,0.1252780704835499,177,137,False,False,weak_consensus,False,,present in both models
hsa-miR-520c-3p,miRNA,7.2216295e-05,133,2.2709697321096947,123,0.015648878293294213,0.0958904109589041,0.1643835616438356,0.0958904109589041,0.12112472963229992,256,133,False,False,weak_consensus,False,,present in both models
CSF3,mRNA,0.015680388,27,1.838624357582724,138,0.044283413848631235,0.821917808219178,0.06164383561643835,0.06164383561643835,0.11468620579802484,165,138,False,False,weak_consensus,False,,present in both models
hsa-miR-186,miRNA,0.0,138,2.9978777456810652,67,0.02217174994592256,0.06164383561643835,0.547945205479452,0.06164383561643835,0.11082037863629365,205,138,False,False,weak_consensus,False,,present in both models
hsa-miR-532-5p,miRNA,0.0,139,3.2995293252021463,28,0.042908530318602256,0.0547945205479452,0.815068493150685,0.0547945205479452,0.10268579441268472,167,139,False,False,weak_consensus,False,,present in both models
hsa-miR-663b,miRNA,0.0007919602,93,1.7807006641746836,139,0.01794693277635956,0.3698630136986301,0.0547945205479452,0.0547945205479452,0.09544851966416261,232,139,False,False,weak_consensus,False,,present in both models
hsa-miR-455-5p,miRNA,0.0,140,3.8146858893364604,3,0.34047619047619043,0.04794520547945205,0.9863013698630136,0.04794520547945205,0.09144516011974962,143,140,False,False,gat_dominant,False,,present in both models; GAT-dominant; top-10 GAT
hsa-miR-127-3p,miRNA,0.0,136,1.9248066409788238,134,0.014815627743634766,0.07534246575342465,0.08904109589041095,0.07534246575342465,0.08162100456621005,270,136,False,False,weak_consensus,False,,present in both models
PTHLH,mRNA,0.0004166361,113,1.768203942907697,140,0.015992414664981035,0.2328767123287671,0.04794520547945205,0.04794520547945205,0.07951887738055462,253,140,False,False,weak_consensus,True,hsa-miR-429,present in both models; regulatory pair member
hsa-miR-454,miRNA,0.0,141,3.144008522605562,48,0.027925531914893616,0.0410958904109589,0.678082191780822,0.0410958904109589,0.07749510763209394,189,141,False,False,weak_consensus,False,,present in both models
ATM,mRNA,0.0008442985,91,1.7460106220690812,141,0.01808120957057127,0.3835616438356164,0.0410958904109589,0.0410958904109589,0.07423773751657092,232,141,False,False,weak_consensus,False,,present in both models
FOLR1,mRNA,0.005308475,48,1.725867545925715,142,0.027875586854460094,0.678082191780822,0.03424657534246575,0.03424657534246575,0.06520021074815595,190,142,False,False,weak_consensus,False,,present in both models
hsa-miR-1299,miRNA,0.0,142,2.822386016266699,83,0.0190904462922111,0.03424657534246575,0.4383561643835616,0.03424657534246575,0.06352987889616835,225,142,False,False,weak_consensus,False,,present in both models
hsa-miR-451,miRNA,0.00861879,37,1.6966691851378124,143,0.03402003402003402,0.7534246575342466,0.0273972602739726,0.0273972602739726,0.05287190579187695,180,143,False,False,weak_consensus,False,,present in both models
DLC1,mRNA,0.0,143,2.9443518981099763,74,0.020506520506520506,0.0273972602739726,0.5,0.0273972602739726,0.051948051948051945,217,143,False,False,weak_consensus,False,,present in both models
hsa-miR-579 (+++ See note below),miRNA,0.002593373,66,1.6644888589099212,144,0.022095959595959596,0.5547945205479452,0.02054794520547945,0.02054794520547945,0.03962818003913894,210,144,False,False,weak_consensus,False,,present in both models
NOTCH1,mRNA,0.0,145,3.3092671406277,25,0.04689655172413793,0.0136986301369863,0.8356164383561644,0.0136986301369863,0.026955368979231106,170,145,False,False,weak_consensus,True,hsa-miR-429,present in both models; regulatory pair member
MPL,mRNA,0.0,144,1.4117227345556418,145,0.013840996168582375,0.02054794520547945,0.0136986301369863,0.0136986301369863,0.01643835616438356,289,145,False,False,weak_consensus,False,,present in both models
PDGFRB,mRNA,0.0,146,3.120228736066913,53,0.025717239596795036,0.00684931506849315,0.6438356164383562,0.00684931506849315,0.01355443403028118,199,146,False,False,weak_consensus,False,,present in both models
WEE1,mRNA,0.0007801056,95,1.3693032144727384,146,0.017375630857966833,0.3561643835616438,0.00684931506849315,0.00684931506849315,0.01344016541742052,241,146,False,False,weak_consensus,False,,present in both models
