source,target,source_type,target_type,edge_type,regulatory_type,weight,pearson_r,pearson_p,pearson_p_fdr,fdr_significant,miRDB_validated
hsa-let-7c,hsa-miR-99a,miRNA,miRNA,miRNA-miRNA,coexpression,0.9439216078179402,0.9439216078179402,3.038919671897415e-55,2.4341746571898293e-52,False,False
hsa-let-7f,hsa-miR-490-3p,miRNA,miRNA,miRNA-miRNA,coexpression,0.8052320202757144,0.8052320202757144,5.972097431491251e-27,3.517389737223891e-25,False,False
hsa-let-7f,hsa-miR-374a,miRNA,miRNA,miRNA-miRNA,coexpression,0.7903823864499503,0.7903823864499503,2.26942945277673e-25,9.089064958370803e-24,False,False
hsa-let-7f,hsa-miR-26b,miRNA,miRNA,miRNA-miRNA,coexpression,0.7791307242344584,0.7791307242344584,2.95312594913118e-24,9.461815541016301e-23,False,False
hsa-let-7f,hsa-miR-200a,miRNA,miRNA,miRNA-miRNA,coexpression,0.7762364609136139,0.7762364609136139,5.577084211113913e-24,1.692138050417517e-22,False,False
hsa-let-7f,hsa-miR-27a,miRNA,miRNA,miRNA-miRNA,coexpression,0.7707408171383072,0.7707408171383072,1.8177741160851665e-23,4.853456889947395e-22,False,False
hsa-let-7f,CEBPA,miRNA,mRNA,miRNA-mRNA,anticorrelation,-0.12988759502508224,-0.12988759502508224,0.17031620338571016,0.9726385967034399,False,False
hsa-let-7g,hsa-miR-16 (+++ See note below),miRNA,miRNA,miRNA-miRNA,coexpression,0.8933618988927048,0.8933618988927048,2.3009703213449918e-40,5.420815374698054e-38,False,False
hsa-let-7g,hsa-let-7i,miRNA,miRNA,miRNA-miRNA,coexpression,0.8591382564803318,0.8591382564803318,4.443217714103452e-34,6.590772942586787e-32,False,False
hsa-let-7g,hsa-miR-15a,miRNA,miRNA,miRNA-miRNA,coexpression,0.8228412531597047,0.8228412531597047,5.2102101218922e-29,4.0128637573419734e-27,False,False
hsa-let-7g,hsa-miR-374a,miRNA,miRNA,miRNA-miRNA,coexpression,0.818854525146215,0.818854525146215,1.5941809155283429e-28,1.182350845683521e-26,False,False
hsa-let-7g,hsa-miR-374b,miRNA,miRNA,miRNA-miRNA,coexpression,0.8107318447499343,0.8107318447499343,1.4326831485853197e-27,9.406386901777386e-26,False,False
hsa-let-7g,hsa-miR-15b,miRNA,miRNA,miRNA-miRNA,coexpression,0.8081467617516582,0.8081467617516582,2.8186934540438225e-27,1.7638855130383608e-25,False,False
hsa-let-7g,hsa-miR-186,miRNA,miRNA,miRNA-miRNA,coexpression,0.8063107318674385,0.8063107318674385,4.5299508030658475e-27,2.7911466101967256e-25,False,False
hsa-let-7g,hsa-miR-26b,miRNA,miRNA,miRNA-miRNA,coexpression,0.7945581669193187,0.7945581669193187,8.410744420652872e-26,3.5457927794436586e-24,False,False
hsa-let-7g,hsa-miR-25,miRNA,miRNA,miRNA-miRNA,coexpression,0.7915919531102015,0.7915919531102015,1.7063254643056056e-25,6.97329947402444e-24,False,False
hsa-let-7g,CEBPA,miRNA,mRNA,miRNA-mRNA,anticorrelation,-0.15056305168990045,-0.15056305168990045,0.11142965212761745,0.9726385967034399,False,False
hsa-let-7g,L1CAM,miRNA,mRNA,miRNA-mRNA,anticorrelation,-0.13236316290505737,-0.13236316290505737,0.16224743420716237,0.9726385967034399,False,False
hsa-let-7g,WFDC2,miRNA,mRNA,miRNA-mRNA,anticorrelation,-0.12993594802679329,-0.12993594802679329,0.1701558148219483,0.9726385967034399,False,False
hsa-let-7g,TNFRSF1B,miRNA,mRNA,miRNA-mRNA,anticorrelation,-0.12655000589490886,-0.12655000589490886,0.18165897587838503,0.9726385967034399,False,False
hsa-let-7i,hsa-miR-21,miRNA,miRNA,miRNA-miRNA,coexpression,0.8544362911242084,0.8544362911242084,2.40115446294468e-33,3.31607711175636e-31,False,False
hsa-let-7i,hsa-miR-16 (+++ See note below),miRNA,miRNA,miRNA-miRNA,coexpression,0.8514322785945678,0.8514322785945678,6.842206298533811e-33,8.563448820508724e-31,False,False
hsa-let-7i,hsa-miR-24,miRNA,miRNA,miRNA-miRNA,coexpression,0.7996680672830258,0.7996680672830258,2.418597144831294e-26,1.1670459716926906e-24,False,False
hsa-let-7i,hsa-miR-374b,miRNA,miRNA,miRNA-miRNA,coexpression,0.7942776973564736,0.7942776973564736,8.997040518359381e-26,3.753452841253054e-24,False,False
hsa-let-7i,hsa-miR-15a,miRNA,miRNA,miRNA-miRNA,coexpression,0.7876446515322616,0.7876446515322616,4.297964695343269e-25,1.5792062940229168e-23,False,False
hsa-let-7i,hsa-miR-374a,miRNA,miRNA,miRNA-miRNA,coexpression,0.7832539406908671,0.7832539406908671,1.173905169791543e-24,4.0530087974268355e-23,False,False
hsa-miR-9,CSF3,miRNA,mRNA,miRNA-mRNA,anticorrelation,-0.16451995752993198,-0.16451995752993198,0.08162887729065318,0.9726385967034399,False,False
hsa-miR-9,WFDC2,miRNA,mRNA,miRNA-mRNA,anticorrelation,-0.1369252579515068,-0.1369252579515068,0.14812876989384424,0.9726385967034399,False,False
hsa-miR-15a,hsa-miR-16 (+++ See note below),miRNA,miRNA,miRNA-miRNA,coexpression,0.937945111448044,0.937945111448044,7.114082655269023e-53,4.070271576336062e-50,False,False
hsa-miR-15a,hsa-miR-374a,miRNA,miRNA,miRNA-miRNA,coexpression,0.8937729158675449,0.8937729158675449,1.878737422543896e-40,4.70271461080519e-38,False,False
hsa-miR-15a,hsa-miR-374b,miRNA,miRNA,miRNA-miRNA,coexpression,0.8500464701644921,0.8500464701644921,1.1005939821846102e-32,1.2593939710426753e-30,False,False
hsa-miR-15a,hsa-miR-19b,miRNA,miRNA,miRNA-miRNA,coexpression,0.8485986096815105,0.8485986096815105,1.799242524481543e-32,2.0016573084857164e-30,False,False
hsa-miR-15a,hsa-miR-15b,miRNA,miRNA,miRNA-miRNA,coexpression,0.8282635677833305,0.8282635677833305,1.0874489479416678e-29,9.26645326916251e-28,False,False
hsa-miR-15a,hsa-miR-106b,miRNA,miRNA,miRNA-miRNA,coexpression,0.8035713416985015,0.8035713416985015,9.10878966217399e-27,4.997356520137922e-25,False,False
hsa-miR-15a,hsa-miR-454,miRNA,miRNA,miRNA-miRNA,coexpression,0.8026119470662988,0.8026119470662988,1.1603241110608922e-26,6.279862249728208e-25,False,False
hsa-miR-15a,hsa-miR-101,miRNA,miRNA,miRNA-miRNA,coexpression,0.802122453818254,0.802122453818254,1.312169145454153e-26,6.915456140000551e-25,False,False
hsa-miR-15a,hsa-miR-21,miRNA,miRNA,miRNA-miRNA,coexpression,0.8017535533733948,0.8017535533733948,1.4392737234775636e-26,7.486092548737197e-25,False,False
hsa-miR-15a,hsa-miR-20a+hsa-miR-20b,miRNA,miRNA,miRNA-miRNA,coexpression,0.8016225087104621,0.8016225087104621,1.4872598008215304e-26,7.636507054218242e-25,False,False
hsa-miR-15a,hsa-miR-186,miRNA,miRNA,miRNA-miRNA,coexpression,0.7780874707264963,0.7780874707264963,3.717842982067863e-24,1.1632782143110775e-22,False,False
hsa-miR-15a,hsa-miR-26b,miRNA,miRNA,miRNA-miRNA,coexpression,0.7736576989263505,0.7736576989263505,9.749502705721899e-24,2.692879885270083e-22,False,False
hsa-miR-15a,L1CAM,miRNA,mRNA,miRNA-mRNA,anticorrelation,-0.1372391310273229,-0.1372391310273229,0.14719257134552025,0.9726385967034399,False,False
hsa-miR-15b,hsa-miR-16 (+++ See note below),miRNA,miRNA,miRNA-miRNA,coexpression,0.8914738386769941,0.8914738386769941,5.778098680151368e-40,1.2856269563336792e-37,False,False
hsa-miR-15b,hsa-miR-374b,miRNA,miRNA,miRNA-miRNA,coexpression,0.8354995386161358,0.8354995386161358,1.2312460098936716e-30,1.2027171389327207e-28,False,False
hsa-miR-15b,hsa-miR-374a,miRNA,miRNA,miRNA-miRNA,coexpression,0.8256758937003112,0.8256758937003112,2.3124219586136577e-29,1.8900510090301426e-27,False,False
hsa-miR-15b,hsa-miR-454,miRNA,miRNA,miRNA-miRNA,coexpression,0.8091777490221682,0.8091777490221682,2.1546252709652736e-27,1.3697260651136381e-25,False,False
hsa-miR-15b,hsa-miR-186,miRNA,miRNA,miRNA-miRNA,coexpression,0.7970446782538566,0.7970446782538566,4.606597451646127e-26,2.0729688532407572e-24,False,False
hsa-miR-15b,hsa-miR-106b,miRNA,miRNA,miRNA-miRNA,coexpression,0.7966892111836564,0.7966892111836564,5.0231881409280497e-26,2.235318722712982e-24,False,False
hsa-miR-15b,hsa-miR-19b,miRNA,miRNA,miRNA-miRNA,coexpression,0.7815637672360848,0.7815637672360848,1.717576850693532e-24,5.780584274813106e-23,False,False
hsa-miR-16 (+++ See note below),hsa-miR-374a,miRNA,miRNA,miRNA-miRNA,coexpression,0.8580003640250846,0.8580003640250846,6.720924665762155e-34,9.613322602277653e-32,False,False
hsa-miR-16 (+++ See note below),hsa-miR-374b,miRNA,miRNA,miRNA-miRNA,coexpression,0.8476358706822967,0.8476358706822967,2.4877054434702046e-32,2.6927730543508567e-30,False,False
hsa-miR-16 (+++ See note below),hsa-miR-21,miRNA,miRNA,miRNA-miRNA,coexpression,0.8251988966126784,0.8251988966126784,2.6538502133290396e-29,2.125734020876561e-27,False,False
hsa-miR-16 (+++ See note below),hsa-miR-454,miRNA,miRNA,miRNA-miRNA,coexpression,0.8105811537773636,0.8105811537773636,1.4907528984252714e-27,9.629782835795502e-26,False,False
hsa-miR-16 (+++ See note below),hsa-miR-26b,miRNA,miRNA,miRNA-miRNA,coexpression,0.7986792182517461,0.7986792182517461,3.086892939542766e-26,1.4375588631242768e-24,False,False
hsa-miR-16 (+++ See note below),hsa-miR-186,miRNA,miRNA,miRNA-miRNA,coexpression,0.7907383381764761,0.7907383381764761,2.0871489593831613e-25,8.443466244777335e-24,False,False
hsa-miR-16 (+++ See note below),hsa-miR-19b,miRNA,miRNA,miRNA-miRNA,coexpression,0.7882143336478132,0.7882143336478132,3.766075427974401e-25,1.4229369895318372e-23,False,False
hsa-miR-16 (+++ See note below),hsa-miR-25,miRNA,miRNA,miRNA-miRNA,coexpression,0.7741743116929164,0.7741743116929164,8.722543002678758e-24,2.4585587281981355e-22,False,False
hsa-miR-16 (+++ See note below),L1CAM,miRNA,mRNA,miRNA-mRNA,anticorrelation,-0.15062469100882325,-0.15062469100882325,0.11128156336416692,0.9726385967034399,False,False
hsa-miR-18b,hsa-miR-106a+hsa-miR-17,miRNA,miRNA,miRNA-miRNA,coexpression,0.8322573766901066,0.8322573766901066,3.3098894142619646e-30,3.0127516145725385e-28,False,False
hsa-miR-18b,hsa-miR-19a,miRNA,miRNA,miRNA-miRNA,coexpression,0.7999595883011094,0.7999595883011094,2.2501585315138434e-26,1.126485614839118e-24,False,False
hsa-miR-18b,FOLR1,miRNA,mRNA,miRNA-mRNA,anticorrelation,-0.1959128593294954,-0.1959128593294954,0.03755996069629725,0.9726385967034399,False,False
hsa-miR-18b,L1CAM,miRNA,mRNA,miRNA-mRNA,anticorrelation,-0.15209442521334504,-0.15209442521334504,0.10779570551648487,0.9726385967034399,False,False
hsa-miR-19a,hsa-miR-106a+hsa-miR-17,miRNA,miRNA,miRNA-miRNA,coexpression,0.8974770272206943,0.8974770272206943,2.9088878836269356e-41,7.766730649283918e-39,False,False
hsa-miR-19a,hsa-miR-19b,miRNA,miRNA,miRNA-miRNA,coexpression,0.8863746245226443,0.8863746245226443,6.395472231423346e-39,1.3480982256237107e-36,False,False
hsa-miR-19a,hsa-miR-20a+hsa-miR-20b,miRNA,miRNA,miRNA-miRNA,coexpression,0.8449077455252401,0.8449077455252401,6.156135965456468e-32,6.488243300435041e-30,False,False
hsa-miR-19a,hsa-miR-101,miRNA,miRNA,miRNA-miRNA,coexpression,0.7746664294479457,0.7746664294479457,7.842900895530618e-24,2.292760444277381e-22,False,False
hsa-miR-19a,FOLR1,miRNA,mRNA,miRNA-mRNA,anticorrelation,-0.14221259480258555,-0.14221259480258555,0.13294732869996542,0.9726385967034399,False,False
hsa-miR-19b,hsa-miR-20a+hsa-miR-20b,miRNA,miRNA,miRNA-miRNA,coexpression,0.9611873150974761,0.9611873150974761,6.576951204603057e-64,1.3170344787217622e-60,False,False
hsa-miR-19b,hsa-miR-106a+hsa-miR-17,miRNA,miRNA,miRNA-miRNA,coexpression,0.8733881092880968,0.8733881092880968,1.7950688844154988e-36,3.1257612530800318e-34,False,False
hsa-miR-19b,hsa-miR-106b,miRNA,miRNA,miRNA-miRNA,coexpression,0.8537889181335564,0.8537889181335564,3.0149768531988414e-33,4.024994099020454e-31,False,False
hsa-miR-19b,hsa-miR-374a,miRNA,miRNA,miRNA-miRNA,coexpression,0.8512149771767787,0.8512149771767787,7.37401480473316e-33,8.949372513017062e-31,False,False
hsa-miR-19b,hsa-miR-93,miRNA,miRNA,miRNA-miRNA,coexpression,0.7985225201310064,0.7985225201310064,3.2081752793814416e-26,1.4768668958531809e-24,False,False
hsa-miR-19b,hsa-miR-101,miRNA,miRNA,miRNA-miRNA,coexpression,0.7982485063854527,0.7982485063854527,3.431542314743103e-26,1.5617417011984236e-24,False,False
hsa-miR-19b,hsa-miR-374b,miRNA,miRNA,miRNA-miRNA,coexpression,0.77586654255178,0.77586654255178,6.0450787165944025e-24,1.820341372929367e-22,False,False
hsa-miR-19b,hsa-miR-141,miRNA,miRNA,miRNA-miRNA,coexpression,0.7741986238796937,0.7741986238796937,8.676909820279828e-24,2.4585587281981355e-22,False,False
hsa-miR-19b,hsa-miR-25,miRNA,miRNA,miRNA-miRNA,coexpression,0.7736681548510798,0.7736681548510798,9.727592538927543e-24,2.692879885270083e-22,False,False
hsa-miR-19b,L1CAM,miRNA,mRNA,miRNA-mRNA,anticorrelation,-0.12554355189943744,-0.12554355189943744,0.18518553051951084,0.9726385967034399,False,False
hsa-miR-20a+hsa-miR-20b,hsa-miR-106a+hsa-miR-17,miRNA,miRNA,miRNA-miRNA,coexpression,0.9098658305820196,0.9098658305820196,3.2400464383967054e-44,1.1208266782246627e-41,False,False
hsa-miR-20a+hsa-miR-20b,hsa-miR-106b,miRNA,miRNA,miRNA-miRNA,coexpression,0.8532843750233643,0.8532843750233643,3.597541322872531e-33,4.6477912897111245e-31,False,False
hsa-miR-20a+hsa-miR-20b,hsa-miR-374a,miRNA,miRNA,miRNA-miRNA,coexpression,0.8305121906110653,0.8305121906110653,5.587375410369552e-30,4.972764115228901e-28,False,False
hsa-miR-20a+hsa-miR-20b,hsa-miR-93,miRNA,miRNA,miRNA-miRNA,coexpression,0.8201544627100456,0.8201544627100456,1.1104341278111514e-28,8.39111072053521e-27,False,False
hsa-miR-20a+hsa-miR-20b,hsa-miR-25,miRNA,miRNA,miRNA-miRNA,coexpression,0.796235328491417,0.796235328491417,5.608931255361585e-26,2.4685461184311147e-24,False,False
hsa-miR-20a+hsa-miR-20b,hsa-miR-141,miRNA,miRNA,miRNA-miRNA,coexpression,0.7861096389909433,0.7861096389909433,6.123293440825151e-25,2.209350471216642e-23,False,False
hsa-miR-20a+hsa-miR-20b,hsa-miR-200a,miRNA,miRNA,miRNA-miRNA,coexpression,0.7776723987425357,0.7776723987425357,4.073150253389572e-24,1.2645710670407158e-22,False,False
hsa-miR-20a+hsa-miR-20b,hsa-miR-1979,miRNA,miRNA,miRNA-miRNA,coexpression,0.7763110156510002,0.7763110156510002,5.487141279970277e-24,1.6775573149832795e-22,False,False
hsa-miR-20a+hsa-miR-20b,hsa-miR-98,miRNA,miRNA,miRNA-miRNA,coexpression,0.7752343718738084,0.7752343718738084,6.935089337625524e-24,2.0422818233228103e-22,False,False
hsa-miR-20a+hsa-miR-20b,L1CAM,miRNA,mRNA,miRNA-mRNA,anticorrelation,-0.14278565132060972,-0.14278565132060972,0.1313760576290528,0.9726385967034399,False,False
hsa-miR-20a+hsa-miR-20b,FOLR1,miRNA,mRNA,miRNA-mRNA,anticorrelation,-0.1279506516978711,-0.1279506516978711,0.1768333543441494,0.9726385967034399,False,False
hsa-miR-21,hsa-miR-24,miRNA,miRNA,miRNA-miRNA,coexpression,0.8502758284300632,0.8502758284300632,1.017667292851601e-32,1.1987522081972535e-30,False,False
hsa-miR-21,WFDC2,miRNA,mRNA,miRNA-mRNA,anticorrelation,-0.12340182679380489,-0.12340182679380489,0.19285574776000658,0.9726385967034399,False,False
hsa-miR-24,hsa-miR-27a,miRNA,miRNA,miRNA-miRNA,coexpression,0.8725390267953586,0.8725390267953586,2.5390355018164936e-36,4.237015493656273e-34,False,False
hsa-miR-25,hsa-miR-106b,miRNA,miRNA,miRNA-miRNA,coexpression,0.9198658492876101,0.9198658492876101,6.27036552883958e-47,3.139101742875315e-44,False,False
hsa-miR-25,hsa-miR-93,miRNA,miRNA,miRNA-miRNA,coexpression,0.9101390025846637,0.9101390025846637,2.758731086682082e-44,1.1048718002161739e-41,False,False
hsa-miR-26b,hsa-miR-374a,miRNA,miRNA,miRNA-miRNA,coexpression,0.8302062522296065,0.8302062522296065,6.120743625869897e-30,5.32903874382803e-28,False,False
hsa-miR-26b,hsa-miR-374b,miRNA,miRNA,miRNA-miRNA,coexpression,0.7998115934728147,0.7998115934728147,2.3341838887973355e-26,1.1400495700772351e-24,False,False
hsa-miR-26b,hsa-miR-101,miRNA,miRNA,miRNA-miRNA,coexpression,0.7882161144022156,0.7882161144022156,3.764518139352381e-25,1.4229369895318372e-23,False,False
hsa-miR-26b,hsa-miR-186,miRNA,miRNA,miRNA-miRNA,coexpression,0.7743625603035108,0.7743625603035108,8.375233938611203e-24,2.395915137438419e-22,False,False
hsa-miR-26b,hsa-miR-490-3p,miRNA,miRNA,miRNA-miRNA,coexpression,0.7710810095565471,0.7710810095565471,1.6911849751748162e-23,4.6076162078742435e-22,False,False
hsa-miR-26b,L1CAM,miRNA,mRNA,miRNA-mRNA,anticorrelation,-0.1641223078152092,-0.1641223078152092,0.08237918537446759,0.9726385967034399,False,False
hsa-miR-27a,hsa-miR-374a,miRNA,miRNA,miRNA-miRNA,coexpression,0.7998929513397515,0.7998929513397515,2.2876199290811995e-26,1.1311009649345933e-24,False,False
hsa-miR-29b,hsa-miR-374a,miRNA,miRNA,miRNA-miRNA,coexpression,0.7823600997328463,0.7823600997328463,1.4362364052096646e-24,4.874683731241277e-23,False,False
hsa-miR-29b,CEBPA,miRNA,mRNA,miRNA-mRNA,anticorrelation,-0.14370048434460284,-0.14370048434460284,0.12889714937768892,0.9726385967034399,False,False
hsa-miR-32,CCNE1,miRNA,mRNA,miRNA-mRNA,anticorrelation,-0.14097982490243752,-0.14097982490243752,0.13637607199955337,0.9726385967034399,False,False
hsa-miR-32,FLT3,miRNA,mRNA,miRNA-mRNA,anticorrelation,-0.13301931903963354,-0.13301931903963354,0.16015727738098592,0.9726385967034399,False,False
hsa-miR-32,ATM,miRNA,mRNA,miRNA-mRNA,anticorrelation,-0.13240580455073314,-0.13240580455073314,0.16211098724150683,0.9726385967034399,False,False
hsa-miR-32,MPL,miRNA,mRNA,miRNA-mRNA,anticorrelation,-0.1250152149930819,-0.1250152149930819,0.18705666399094018,0.9726385967034399,False,False
hsa-miR-93,hsa-miR-106b,miRNA,miRNA,miRNA-miRNA,coexpression,0.9568102954741685,0.9568102954741685,2.1962291839557167e-61,2.9319659605808817e-58,False,False
hsa-miR-93,hsa-miR-128,miRNA,miRNA,miRNA-miRNA,coexpression,0.804349015542599,0.804349015542599,7.47870640404728e-27,4.218622415240754e-25,False,False
hsa-miR-93,hsa-miR-96,miRNA,miRNA,miRNA-miRNA,coexpression,0.7993791648785858,0.7993791648785858,2.5976546950594095e-26,1.2239537710250511e-24,False,False
hsa-miR-93,hsa-miR-340,miRNA,miRNA,miRNA-miRNA,coexpression,0.7880937306750466,0.7880937306750466,3.8730213327530335e-25,1.449668265203355e-23,False,False
hsa-miR-93,hsa-miR-107,miRNA,miRNA,miRNA-miRNA,coexpression,0.7847239588748832,0.7847239588748832,8.407597664445674e-25,2.979860942133179e-23,False,False
hsa-miR-93,hsa-miR-200a,miRNA,miRNA,miRNA-miRNA,coexpression,0.7846205215748685,0.7846205215748685,8.608136132954854e-25,3.0241741414459817e-23,False,False
hsa-miR-93,hsa-miR-106a+hsa-miR-17,miRNA,miRNA,miRNA-miRNA,coexpression,0.7798434340772123,0.7798434340772123,2.5214274261932952e-24,8.277308886806678e-23,False,False
hsa-miR-93,hsa-miR-429,miRNA,miRNA,miRNA-miRNA,coexpression,0.7757664135951855,0.7757664135951855,6.178212269426529e-24,1.846547771571138e-22,False,False
hsa-miR-96,hsa-miR-183,miRNA,miRNA,miRNA-miRNA,coexpression,0.912670046311211,0.912670046311211,6.064593147912196e-45,2.698743950820927e-42,False,False
hsa-miR-96,hsa-miR-106b,miRNA,miRNA,miRNA-miRNA,coexpression,0.8145702106445168,0.8145702106445168,5.144593611586043e-28,3.6147539323512457e-26,False,False
hsa-miR-96,hsa-miR-200a,miRNA,miRNA,miRNA-miRNA,coexpression,0.7901212563614763,0.7901212563614763,2.4129503998020833e-25,9.474378775693474e-24,False,False
hsa-miR-96,hsa-miR-429,miRNA,miRNA,miRNA-miRNA,coexpression,0.7792822789792284,0.7792822789792284,2.8556717243112517e-24,9.223359077311744e-23,False,False
hsa-miR-96,hsa-miR-141,miRNA,miRNA,miRNA-miRNA,coexpression,0.7741447344572683,0.7741447344572683,8.778374485201832e-24,2.4585587281981355e-22,False,False
hsa-miR-96,hsa-miR-128,miRNA,miRNA,miRNA-miRNA,coexpression,0.7724375968052641,0.7724375968052641,1.2666082067193791e-23,3.4744971698021326e-22,False,False
hsa-miR-98,hsa-miR-107,miRNA,miRNA,miRNA-miRNA,coexpression,0.7995420896771387,0.7995420896771387,2.4951421518917043e-26,1.1896481331340803e-24,False,False
hsa-miR-98,hsa-miR-128,miRNA,miRNA,miRNA-miRNA,coexpression,0.7903341934153231,0.7903341934153231,2.295274154194893e-25,9.101557413416382e-24,False,False
hsa-miR-98,hsa-miR-374a,miRNA,miRNA,miRNA-miRNA,coexpression,0.7897748796943362,0.7897748796943362,2.6170728421832567e-25,1.0176093915479556e-23,False,False
hsa-miR-98,hsa-miR-106b,miRNA,miRNA,miRNA-miRNA,coexpression,0.788346027645283,0.788346027645283,3.6525884749253116e-25,1.4065977732765262e-23,False,False
hsa-miR-98,hsa-miR-429,miRNA,miRNA,miRNA-miRNA,coexpression,0.7880197259781495,0.7880197259781495,3.9401083083676176e-25,1.461123497686325e-23,False,False
hsa-miR-98,hsa-miR-101,miRNA,miRNA,miRNA-miRNA,coexpression,0.7805437640111201,0.7805437640111201,2.157514359538413e-24,7.141194223100284e-23,False,False
hsa-miR-98,hsa-miR-200a,miRNA,miRNA,miRNA-miRNA,coexpression,0.7775158782087688,0.7775158782087688,4.215567084932172e-24,1.2987189365502574e-22,False,False
hsa-miR-98,hsa-miR-106a+hsa-miR-17,miRNA,miRNA,miRNA-miRNA,coexpression,0.7744066327717448,0.7744066327717448,8.295893996471491e-24,2.390291759414987e-22,False,False
hsa-miR-98,hsa-miR-151-3p,miRNA,miRNA,miRNA-miRNA,coexpression,0.7708851093093465,0.7708851093093465,1.76299041303827e-23,4.770795002850183e-22,False,False
hsa-miR-99a,MPL,miRNA,mRNA,miRNA-mRNA,anticorrelation,-0.1329780168056337,-0.1329780168056337,0.16028824876206973,0.9726385967034399,False,False
hsa-miR-99a,L1CAM,miRNA,mRNA,miRNA-mRNA,anticorrelation,-0.13138548697357733,-0.13138548697357733,0.16539934687820712,0.9726385967034399,False,False
hsa-miR-99a,MMP9,miRNA,mRNA,miRNA-mRNA,anticorrelation,-0.1312808611295188,-0.1312808611295188,0.1657393220880742,0.9726385967034399,False,False
hsa-miR-101,hsa-miR-186,miRNA,miRNA,miRNA-miRNA,coexpression,0.8325137773578548,0.8325137773578548,3.0632663223528817e-30,2.853112004889138e-28,False,False
hsa-miR-101,hsa-miR-340,miRNA,miRNA,miRNA-miRNA,coexpression,0.8137815423158862,0.8137815423158862,6.361816919524742e-28,4.392944269430447e-26,False,False
hsa-miR-101,hsa-miR-374a,miRNA,miRNA,miRNA-miRNA,coexpression,0.8130823619460704,0.8130823619460704,7.673279607801735e-28,5.121914138207658e-26,False,False
hsa-miR-101,hsa-miR-454,miRNA,miRNA,miRNA-miRNA,coexpression,0.805849559095985,0.805849559095985,5.0992036352053446e-27,3.0481060535817026e-25,False,False
hsa-miR-101,hsa-miR-106b,miRNA,miRNA,miRNA-miRNA,coexpression,0.7935861705355697,0.7935861705355697,1.0618488657723144e-25,4.384231657132082e-24,False,False
hsa-miR-101,L1CAM,miRNA,mRNA,miRNA-mRNA,anticorrelation,-0.13611897127386538,-0.13611897127386538,0.15055426694456037,0.9726385967034399,False,False
hsa-miR-106a+hsa-miR-17,hsa-miR-106b,miRNA,miRNA,miRNA-miRNA,coexpression,0.7707959646823515,0.7707959646823515,1.796642715443394e-23,4.829230923054224e-22,False,False
hsa-miR-106a+hsa-miR-17,L1CAM,miRNA,mRNA,miRNA-mRNA,anticorrelation,-0.1448439518978661,-0.1448439518978661,0.1258493080897614,0.9726385967034399,False,False
hsa-miR-106a+hsa-miR-17,FOLR1,miRNA,mRNA,miRNA-mRNA,anticorrelation,-0.14177424383026724,-0.14177424383026724,0.13415890524696758,0.9726385967034399,False,False
hsa-miR-106b,hsa-miR-200a,miRNA,miRNA,miRNA-miRNA,coexpression,0.8328601574203218,0.8328601574203218,2.758444076094156e-30,2.630373458275499e-28,False,False
hsa-miR-106b,hsa-miR-374a,miRNA,miRNA,miRNA-miRNA,coexpression,0.8175395650543907,0.8175395650543907,2.2915162611461536e-28,1.6686404774346082e-26,False,False
hsa-miR-106b,hsa-miR-128,miRNA,miRNA,miRNA-miRNA,coexpression,0.80587610420242,0.80587610420242,5.06462150728211e-27,3.0481060535817026e-25,False,False
hsa-miR-106b,hsa-miR-141,miRNA,miRNA,miRNA-miRNA,coexpression,0.8051006746696691,0.8051006746696691,6.175770407023413e-27,3.584631953641851e-25,False,False
hsa-miR-106b,hsa-miR-340,miRNA,miRNA,miRNA-miRNA,coexpression,0.8043612673423352,0.8043612673423352,7.455457440829421e-27,4.218622415240754e-25,False,False
hsa-miR-106b,hsa-miR-186,miRNA,miRNA,miRNA-miRNA,coexpression,0.8021220676107892,0.8021220676107892,1.3122962962298174e-26,6.915456140000551e-25,False,False
hsa-miR-106b,hsa-miR-429,miRNA,miRNA,miRNA-miRNA,coexpression,0.7953627474135335,0.7953627474135335,6.92833391791578e-26,2.983653477554054e-24,False,False
hsa-miR-106b,hsa-miR-200b,miRNA,miRNA,miRNA-miRNA,coexpression,0.7788404715447433,0.7788404715447433,3.148914785879741e-24,9.930239147597136e-23,False,False
hsa-miR-125b,L1CAM,miRNA,mRNA,miRNA-mRNA,anticorrelation,-0.13741459717061968,-0.13741459717061968,0.14667115160495287,0.9726385967034399,False,False
hsa-miR-128,hsa-miR-484,miRNA,miRNA,miRNA-miRNA,coexpression,0.8003156485505797,0.8003156485505797,2.0599270941454434e-26,1.0443048116522152e-24,False,False
hsa-miR-128,hsa-miR-200a,miRNA,miRNA,miRNA-miRNA,coexpression,0.7824624113937583,0.7824624113937583,1.4035268873300414e-24,4.8043804989374495e-23,False,False
hsa-miR-128,hsa-miR-374a,miRNA,miRNA,miRNA-miRNA,coexpression,0.7811866187950758,0.7811866187950758,1.868948516794057e-24,6.237615674800165e-23,False,False
hsa-miR-128,ATM,miRNA,mRNA,miRNA-mRNA,anticorrelation,-0.13096789234928638,-0.13096789234928638,0.16675939037916074,0.9726385967034399,False,False
hsa-miR-135b,WFDC2,miRNA,mRNA,miRNA-mRNA,anticorrelation,-0.1743909655371422,-0.1743909655371422,0.06469318203001628,0.9726385967034399,False,False
hsa-miR-135b,SPP1,miRNA,mRNA,miRNA-mRNA,anticorrelation,-0.13037092712854936,-0.13037092712854936,0.16871799155429731,0.9726385967034399,False,False
hsa-miR-141,hsa-miR-200c,miRNA,miRNA,miRNA-miRNA,coexpression,0.906211830107968,0.906211830107968,2.6543290095872987e-43,8.177375141074717e-41,False,False
hsa-miR-141,hsa-miR-200a,miRNA,miRNA,miRNA-miRNA,coexpression,0.835618759855569,0.835618759855569,1.1867924714318273e-30,1.1882759620211171e-28,False,False
hsa-miR-141,hsa-miR-200b,miRNA,miRNA,miRNA-miRNA,coexpression,0.8134816144604693,0.8134816144604693,6.89510980608578e-28,4.6804940293853476e-26,False,False
hsa-miR-142-3p,MMP1,miRNA,mRNA,miRNA-mRNA,anticorrelation,-0.1838692292117455,-0.1838692292117455,0.051238195476364407,0.9726385967034399,False,False
hsa-miR-142-3p,PTHLH,miRNA,mRNA,miRNA-mRNA,anticorrelation,-0.16611420013143868,-0.16611420013143868,0.07867552340954818,0.9726385967034399,False,False
hsa-miR-142-3p,CASP10,miRNA,mRNA,miRNA-mRNA,anticorrelation,-0.16603785915243827,-0.16603785915243827,0.07881496341831079,0.9726385967034399,False,False
hsa-miR-142-3p,TNFRSF1B,miRNA,mRNA,miRNA-mRNA,anticorrelation,-0.16198832257482865,-0.16198832257482865,0.08650040672538321,0.9726385967034399,False,False
hsa-miR-142-3p,CSF3,miRNA,mRNA,miRNA-mRNA,anticorrelation,-0.1605572036138663,-0.1605572036138663,0.08935506175361743,0.9726385967034399,False,False
hsa-miR-142-3p,L1CAM,miRNA,mRNA,miRNA-mRNA,anticorrelation,-0.15162459237930653,-0.15162459237930653,0.10890063820465463,0.9726385967034399,False,False
hsa-miR-142-3p,WEE1,miRNA,mRNA,miRNA-mRNA,anticorrelation,-0.15094537084025467,-0.15094537084025467,0.1105135992476971,0.9726385967034399,False,False
hsa-miR-142-5p,TNFRSF1B,miRNA,mRNA,miRNA-mRNA,anticorrelation,-0.22390377104564807,-0.22390377104564807,0.017124814536730378,0.9726385967034399,False,False
hsa-miR-142-5p,CEBPA,miRNA,mRNA,miRNA-mRNA,anticorrelation,-0.20440046001239526,-0.20440046001239526,0.02988356184221004,0.9726385967034399,False,False
hsa-miR-142-5p,LCK,miRNA,mRNA,miRNA-mRNA,anticorrelation,-0.20045158022128703,-0.20045158022128703,0.03327130948247882,0.9726385967034399,False,False
hsa-miR-142-5p,ATM,miRNA,mRNA,miRNA-mRNA,anticorrelation,-0.1491372556019078,-0.1491372556019078,0.11489812667362764,0.9726385967034399,False,False
hsa-miR-142-5p,TGFA,miRNA,mRNA,miRNA-mRNA,anticorrelation,-0.12863445481918745,-0.12863445481918745,0.17451197943113306,0.9726385967034399,False,False
hsa-miR-142-5p,L1CAM,miRNA,mRNA,miRNA-mRNA,anticorrelation,-0.12548002985341425,-0.12548002985341425,0.18540977218007915,0.9726385967034399,False,False
hsa-miR-145,MMP9,miRNA,mRNA,miRNA-mRNA,anticorrelation,-0.16727887928328453,-0.16727887928328453,0.07657264060990811,0.9726385967034399,False,False
hsa-miR-146a,MMP1,miRNA,mRNA,miRNA-mRNA,anticorrelation,-0.21672724095232565,-0.21672724095232565,0.021127253044894007,0.9726385967034399,False,False
hsa-miR-146a,TGFA,miRNA,mRNA,miRNA-mRNA,anticorrelation,-0.16085642084746846,-0.16085642084746846,0.08875210665180062,0.9726385967034399,False,False
hsa-miR-146a,L1CAM,miRNA,mRNA,miRNA-mRNA,anticorrelation,-0.15375070332892996,-0.15375070332892996,0.10397025499180133,0.9726385967034399,False,False
hsa-miR-146a,CCNE1,miRNA,mRNA,miRNA-mRNA,anticorrelation,-0.12496269295051715,-0.12496269295051715,0.18724342353042547,0.9726385967034399,False,False
hsa-miR-150,MMP1,miRNA,mRNA,miRNA-mRNA,anticorrelation,-0.22895457910741407,-0.22895457910741407,0.014717642546613023,0.9726385967034399,False,False
hsa-miR-150,MPL,miRNA,mRNA,miRNA-mRNA,anticorrelation,-0.19759298934498998,-0.19759298934498998,0.035921223049173646,0.9726385967034399,False,False
hsa-miR-150,CEBPA,miRNA,mRNA,miRNA-mRNA,anticorrelation,-0.19350983842620081,-0.19350983842620081,0.04001248317229181,0.9726385967034399,False,False
hsa-miR-150,LCK,miRNA,mRNA,miRNA-mRNA,anticorrelation,-0.18735961825242128,-0.18735961825242128,0.04690582376034832,0.9726385967034399,False,False
hsa-miR-150,TNFRSF1B,miRNA,mRNA,miRNA-mRNA,anticorrelation,-0.15659768241570324,-0.15659768241570324,0.09764419969229333,0.9726385967034399,False,False
hsa-miR-150,L1CAM,miRNA,mRNA,miRNA-mRNA,anticorrelation,-0.15292981464827113,-0.15292981464827113,0.10585271834530023,0.9726385967034399,False,False
hsa-miR-150,CSK,miRNA,mRNA,miRNA-mRNA,anticorrelation,-0.14809023781473882,-0.14809023781473882,0.11749808074325628,0.9726385967034399,False,False
hsa-miR-150,CASP10,miRNA,mRNA,miRNA-mRNA,anticorrelation,-0.14756377179018798,-0.14756377179018798,0.11882249473678896,0.9726385967034399,False,False
hsa-miR-150,CCNE1,miRNA,mRNA,miRNA-mRNA,anticorrelation,-0.14444222625836356,-0.14444222625836356,0.12691370821400566,0.9726385967034399,False,False
hsa-miR-155,ATM,miRNA,mRNA,miRNA-mRNA,anticorrelation,-0.34214225106689794,-0.34214225106689794,0.0002079351295224861,0.9726385967034399,False,False
hsa-miR-155,CCNE1,miRNA,mRNA,miRNA-mRNA,anticorrelation,-0.26472886884518315,-0.26472886884518315,0.004603341600827403,0.9726385967034399,False,False
hsa-miR-155,MMP1,miRNA,mRNA,miRNA-mRNA,anticorrelation,-0.2340061593208572,-0.2340061593208572,0.012609919259558866,0.9726385967034399,False,False
hsa-miR-155,LCK,miRNA,mRNA,miRNA-mRNA,anticorrelation,-0.22465190110304664,-0.22465190110304664,0.016748064613919107,0.9726385967034399,False,False
hsa-miR-155,CASP10,miRNA,mRNA,miRNA-mRNA,anticorrelation,-0.20998821057929778,-0.20998821057929778,0.025592653716262303,0.9726385967034399,False,False
hsa-miR-155,FLT3,miRNA,mRNA,miRNA-mRNA,anticorrelation,-0.20360883735597607,-0.20360883735597607,0.03053820589743478,0.9726385967034399,False,False
hsa-miR-155,PTK7,miRNA,mRNA,miRNA-mRNA,anticorrelation,-0.18820124496088178,-0.18820124496088178,0.045907960242978774,0.9726385967034399,False,False
hsa-miR-155,FOLR1,miRNA,mRNA,miRNA-mRNA,anticorrelation,-0.18459875685664245,-0.18459875685664245,0.050306361325497984,0.9726385967034399,False,False
hsa-miR-155,MPL,miRNA,mRNA,miRNA-mRNA,anticorrelation,-0.1842661437503166,-0.1842661437503166,0.050729459554248665,0.9726385967034399,False,False
hsa-miR-155,L1CAM,miRNA,mRNA,miRNA-mRNA,anticorrelation,-0.18047143326723927,-0.18047143326723927,0.05576792903076681,0.9726385967034399,False,False
hsa-miR-155,TGFA,miRNA,mRNA,miRNA-mRNA,anticorrelation,-0.14874707572497697,-0.14874707572497697,0.11586175247985278,0.9726385967034399,False,False
hsa-miR-155,CSK,miRNA,mRNA,miRNA-mRNA,anticorrelation,-0.14743325681579103,-0.14743325681579103,0.11915260602833905,0.9726385967034399,False,False
hsa-miR-155,TNF,miRNA,mRNA,miRNA-mRNA,anticorrelation,-0.14542570118117834,-0.14542570118117834,0.1243200997482518,0.9726385967034399,False,False
hsa-miR-155,NOTCH1,miRNA,mRNA,miRNA-mRNA,anticorrelation,-0.13254759307073963,-0.13254759307073963,0.16165789918862258,0.9726385967034399,False,False
hsa-miR-155,CSF3R,miRNA,mRNA,miRNA-mRNA,anticorrelation,-0.12665907697799628,-0.12665907697799628,0.1812797697603151,0.9726385967034399,False,False
hsa-miR-155,LIF,miRNA,mRNA,miRNA-mRNA,anticorrelation,-0.12528890350353952,-0.12528890350353952,0.18608566936188223,0.9726385967034399,False,False
hsa-miR-186,hsa-miR-374a,miRNA,miRNA,miRNA-miRNA,coexpression,0.8248212843511369,0.8248212843511369,2.958664640493236e-29,2.3234219382696882e-27,False,False
hsa-miR-186,hsa-miR-374b,miRNA,miRNA,miRNA-miRNA,coexpression,0.7959375173906824,0.7959375173906824,6.028981355916874e-26,2.624572862005117e-24,False,False
hsa-miR-186,hsa-miR-340,miRNA,miRNA,miRNA-miRNA,coexpression,0.7859737113690024,0.7859737113690024,6.317373051242554e-25,2.2590249169845027e-23,False,False
hsa-miR-186,L1CAM,miRNA,mRNA,miRNA-mRNA,anticorrelation,-0.14570680700615843,-0.14570680700615843,0.12358631714461767,0.9726385967034399,False,False
hsa-miR-186,MPL,miRNA,mRNA,miRNA-mRNA,anticorrelation,-0.14112663114459226,-0.14112663114459226,0.13596425858585107,0.9726385967034399,False,False
hsa-miR-187,L1CAM,miRNA,mRNA,miRNA-mRNA,anticorrelation,-0.12395801424042557,-0.12395801424042557,0.1908420772611588,0.9726385967034399,False,False
hsa-miR-195,hsa-miR-497,miRNA,miRNA,miRNA-miRNA,coexpression,0.942493484509199,0.942493484509199,1.179757400519658e-54,7.874880648468718e-52,False,False
hsa-miR-195,TNFRSF1B,miRNA,mRNA,miRNA-mRNA,anticorrelation,-0.19564883079219345,-0.19564883079219345,0.03782310383122738,0.9726385967034399,False,False
hsa-miR-199a-5p,IL1A,miRNA,mRNA,miRNA-mRNA,anticorrelation,-0.14209275394954132,-0.14209275394954132,0.13327772883501196,0.9726385967034399,False,False
hsa-miR-200a,hsa-miR-200b,miRNA,miRNA,miRNA-miRNA,coexpression,0.8842407735521266,0.8842407735521266,1.690716922757115e-38,3.385660637821122e-36,False,False
hsa-miR-200a,hsa-miR-429,miRNA,miRNA,miRNA-miRNA,coexpression,0.8756630701864885,0.8756630701864885,7.001688113094743e-37,1.3353219472830688e-34,False,False
hsa-miR-200a,hsa-miR-374a,miRNA,miRNA,miRNA-miRNA,coexpression,0.8279901748672756,0.8279901748672756,1.1783774319375702e-29,9.832086697729102e-28,False,False
hsa-miR-200b,hsa-miR-429,miRNA,miRNA,miRNA-miRNA,coexpression,0.909804828881495,0.909804828881495,3.358282181946555e-44,1.1208266782246627e-41,False,False
hsa-miR-200b,hsa-miR-200c,miRNA,miRNA,miRNA-miRNA,coexpression,0.8039094630881444,0.8039094630881444,8.361328059955031e-27,4.650988733349986e-25,False,False
hsa-miR-205,hsa-miR-548g,miRNA,miRNA,miRNA-miRNA,coexpression,0.8169019093293182,0.8169019093293182,2.729504660493751e-28,1.9520832437995486e-26,False,False
hsa-miR-216a,ATM,miRNA,mRNA,miRNA-mRNA,anticorrelation,-0.13936034027274224,-0.13936034027274224,0.1409821981518577,0.9726385967034399,False,False
hsa-miR-216a,MYCL1,miRNA,mRNA,miRNA-mRNA,anticorrelation,-0.13511424550840814,-0.13511424550840814,0.15361836126409537,0.9726385967034399,False,False
hsa-miR-340,hsa-miR-374a,miRNA,miRNA,miRNA-miRNA,coexpression,0.7842501793019242,0.7842501793019242,9.365173005604203e-25,3.2615232945604203e-23,False,False
hsa-miR-362-3p,hsa-miR-660,miRNA,miRNA,miRNA-miRNA,coexpression,0.8618468893184472,0.8618468893184472,1.6347686577124573e-34,2.5181724900532275e-32,False,False
hsa-miR-362-3p,hsa-miR-532-5p,miRNA,miRNA,miRNA-miRNA,coexpression,0.7793636074642516,0.7793636074642516,2.8046772066717054e-24,9.132302611967626e-23,False,False
hsa-miR-362-3p,CEBPA,miRNA,mRNA,miRNA-mRNA,anticorrelation,-0.17974307758033137,-0.17974307758033137,0.05678055550955841,0.9726385967034399,False,False
hsa-miR-362-3p,ATM,miRNA,mRNA,miRNA-mRNA,anticorrelation,-0.13402016428747474,-0.13402016428747474,0.15700789637595683,0.9726385967034399,False,False
hsa-miR-362-3p,TNFRSF1B,miRNA,mRNA,miRNA-mRNA,anticorrelation,-0.13233335291641202,-0.13233335291641202,0.16234287252409296,0.9726385967034399,False,False
hsa-miR-362-3p,FLT3,miRNA,mRNA,miRNA-mRNA,anticorrelation,-0.13017652268832747,-0.13017652268832747,0.1693594799311049,0.9726385967034399,False,False
hsa-miR-374a,hsa-miR-374b,miRNA,miRNA,miRNA-miRNA,coexpression,0.9481363045766336,0.9481363045766336,4.4647180101432947e-57,4.470298907655974e-54,False,False
hsa-miR-374a,hsa-miR-454,miRNA,miRNA,miRNA-miRNA,coexpression,0.795167017448681,0.795167017448681,7.263535630956177e-26,3.094729808721222e-24,False,False
hsa-miR-374a,L1CAM,miRNA,mRNA,miRNA-mRNA,anticorrelation,-0.13100238663441463,-0.13100238663441463,0.16664673443358846,0.9726385967034399,False,False
hsa-miR-374b,L1CAM,miRNA,mRNA,miRNA-mRNA,anticorrelation,-0.14509802869118432,-0.14509802869118432,0.1251796636813734,0.9726385967034399,False,False
hsa-miR-421,hsa-miR-1290,miRNA,miRNA,miRNA-miRNA,coexpression,0.7871128830745966,0.7871128830745966,4.860262654402044e-25,1.769577448261835e-23,False,False
hsa-miR-421,ATM,miRNA,mRNA,miRNA-mRNA,anticorrelation,-0.26483554501292644,-0.26483554501292644,0.004586311323852057,0.9726385967034399,False,False
hsa-miR-421,CASP10,miRNA,mRNA,miRNA-mRNA,anticorrelation,-0.22064868976706747,-0.22064868976706747,0.01885064759977428,0.9726385967034399,False,False
hsa-miR-421,TGFA,miRNA,mRNA,miRNA-mRNA,anticorrelation,-0.20151320153404054,-0.20151320153404054,0.032330137172354494,0.9726385967034399,False,False
hsa-miR-421,MPL,miRNA,mRNA,miRNA-mRNA,anticorrelation,-0.12506682127902968,-0.12506682127902968,0.18687329293526594,0.9726385967034399,False,False
hsa-miR-451,BCL2A1,miRNA,mRNA,miRNA-mRNA,anticorrelation,-0.1541391072273704,-0.1541391072273704,0.10308875932721935,0.9726385967034399,False,False
hsa-miR-451,L1CAM,miRNA,mRNA,miRNA-mRNA,anticorrelation,-0.1422490566344634,-0.1422490566344634,0.1328469279681805,0.9726385967034399,False,False
hsa-miR-451,MYCL1,miRNA,mRNA,miRNA-mRNA,anticorrelation,-0.1399542811138272,-0.1399542811138272,0.13927940860120883,0.9726385967034399,False,False
hsa-miR-451,CEBPA,miRNA,mRNA,miRNA-mRNA,anticorrelation,-0.13956765477055288,-0.13956765477055288,0.1403860567884785,0.9726385967034399,False,False
hsa-miR-451,CSK,miRNA,mRNA,miRNA-mRNA,anticorrelation,-0.13903280853432,-0.13903280853432,0.14192793837247294,0.9726385967034399,False,False
hsa-miR-451,WFDC2,miRNA,mRNA,miRNA-mRNA,anticorrelation,-0.13424808148732703,-0.13424808148732703,0.15629722237989038,0.9726385967034399,False,False
hsa-miR-451,TGFA,miRNA,mRNA,miRNA-mRNA,anticorrelation,-0.13172717990516777,-0.13172717990516777,0.16429264290047038,0.9726385967034399,False,False
hsa-miR-455-5p,L1CAM,miRNA,mRNA,miRNA-mRNA,anticorrelation,-0.22153668096063497,-0.22153668096063497,0.018365565897358334,0.9726385967034399,False,False
hsa-miR-484,hsa-miR-490-3p,miRNA,miRNA,miRNA-miRNA,coexpression,0.7745167949368859,0.7745167949368859,8.100773912645277e-24,2.3509854724742273e-22,False,False
hsa-miR-490-3p,hsa-miR-509-3p,miRNA,miRNA,miRNA-miRNA,coexpression,0.7755952384112488,0.7755952384112488,6.412469770234568e-24,1.9023660318362553e-22,False,False
hsa-miR-494 (+++ See note below),hsa-miR-1978,miRNA,miRNA,miRNA-miRNA,coexpression,0.7789176842582725,0.7789176842582725,3.0956275086819543e-24,9.839673152596211e-23,False,False
hsa-miR-494 (+++ See note below),FGFR1,miRNA,mRNA,miRNA-mRNA,anticorrelation,-0.15347814764281834,-0.15347814764281834,0.1045923484600672,0.9726385967034399,False,False
hsa-miR-494 (+++ See note below),EPS8,miRNA,mRNA,miRNA-mRNA,anticorrelation,-0.137856412444317,-0.137856412444317,0.14536441560496388,0.9726385967034399,False,False
hsa-miR-494 (+++ See note below),CAV1,miRNA,mRNA,miRNA-mRNA,anticorrelation,-0.13345724969284622,-0.13345724969284622,0.15877348363173818,0.9726385967034399,False,False
hsa-miR-494 (+++ See note below),CD34,miRNA,mRNA,miRNA-mRNA,anticorrelation,-0.13286767884102554,-0.13286767884102554,0.16063852740655754,0.9726385967034399,False,False
hsa-miR-497,TNFRSF1B,miRNA,mRNA,miRNA-mRNA,anticorrelation,-0.1702227474048494,-0.1702227474048494,0.0714584542309057,0.9726385967034399,False,False
hsa-miR-509-3p,ATM,miRNA,mRNA,miRNA-mRNA,anticorrelation,-0.14019095194417264,-0.14019095194417264,0.1386052574669262,0.9726385967034399,False,False
hsa-miR-520c-3p,hsa-miR-1305,miRNA,miRNA,miRNA-miRNA,coexpression,0.9029901358451974,0.9029901358451974,1.5803802081927397e-42,4.521016238437087e-40,False,False
hsa-miR-520c-3p,hsa-miR-1299,miRNA,miRNA,miRNA-miRNA,coexpression,0.872008193725749,0.872008193725749,3.1496855616871534e-36,5.04579626982282e-34,False,False
hsa-miR-520c-3p,ATM,miRNA,mRNA,miRNA-mRNA,anticorrelation,-0.2593878514670489,-0.2593878514670489,0.0055316511403094145,0.9726385967034399,False,False
hsa-miR-520c-3p,FLT3,miRNA,mRNA,miRNA-mRNA,anticorrelation,-0.21536697102310942,-0.21536697102310942,0.02197032512305516,0.9726385967034399,False,False
hsa-miR-520c-3p,LIF,miRNA,mRNA,miRNA-mRNA,anticorrelation,-0.12530882771437588,-0.12530882771437588,0.18601512583599547,0.9726385967034399,False,False
hsa-miR-532-5p,hsa-miR-660,miRNA,miRNA,miRNA-miRNA,coexpression,0.8407763073488076,0.8407763073488076,2.3497616565308085e-31,2.4130244703604842e-29,False,False
hsa-miR-532-5p,CEBPA,miRNA,mRNA,miRNA-mRNA,anticorrelation,-0.13654048870124877,-0.13654048870124877,0.14928254598125826,0.9726385967034399,False,False
hsa-miR-542-3p,hsa-miR-579 (+++ See note below),miRNA,miRNA,miRNA-miRNA,coexpression,0.9721142694851095,0.9721142694851095,9.501504675065845e-72,3.805352622363871e-68,False,False
hsa-miR-542-3p,CEBPA,miRNA,mRNA,miRNA-mRNA,anticorrelation,-0.1634807755014804,-0.1634807755014804,0.08360128167332412,0.9726385967034399,False,False
hsa-miR-542-3p,MPL,miRNA,mRNA,miRNA-mRNA,anticorrelation,-0.15413549285285186,-0.15413549285285186,0.10309693516415717,0.9726385967034399,False,False
hsa-miR-542-3p,FOS,miRNA,mRNA,miRNA-mRNA,anticorrelation,-0.12921136551747034,-0.12921136551747034,0.17257100231540867,0.9726385967034399,False,False
hsa-miR-579 (+++ See note below),MPL,miRNA,mRNA,miRNA-mRNA,anticorrelation,-0.15297164093388177,-0.15297164093388177,0.10575616191624039,0.9726385967034399,False,False
hsa-miR-579 (+++ See note below),CEBPA,miRNA,mRNA,miRNA-mRNA,anticorrelation,-0.15280417367271726,-0.15280417367271726,0.10614317668501552,0.9726385967034399,False,False
hsa-miR-663b,ATM,miRNA,mRNA,miRNA-mRNA,anticorrelation,-0.13998308097461037,-0.13998308097461037,0.13919724007633738,0.9726385967034399,False,False
hsa-miR-708,CASP10,miRNA,mRNA,miRNA-mRNA,anticorrelation,-0.1774928815828101,-0.1774928815828101,0.0600047013427168,0.9726385967034399,False,False
hsa-miR-708,ATM,miRNA,mRNA,miRNA-mRNA,anticorrelation,-0.15135762991131593,-0.15135762991131593,0.10953239451939534,0.9726385967034399,False,False
hsa-miR-708,TNFRSF1B,miRNA,mRNA,miRNA-mRNA,anticorrelation,-0.1326148500436362,-0.1326148500436362,0.1614433082570018,0.9726385967034399,False,False
hsa-miR-708,CEBPA,miRNA,mRNA,miRNA-mRNA,anticorrelation,-0.1323105867903407,-0.1323105867903407,0.16241578766406706,0.9726385967034399,False,False
hsa-miR-1246,ATM,miRNA,mRNA,miRNA-mRNA,anticorrelation,-0.2043009498904744,-0.2043009498904744,0.029965193642130433,0.9726385967034399,False,False
hsa-miR-1246,WEE1,miRNA,mRNA,miRNA-mRNA,anticorrelation,-0.17939488539648404,-0.17939488539648404,0.05726994901982299,0.9726385967034399,False,False
hsa-miR-1246,SPP1,miRNA,mRNA,miRNA-mRNA,anticorrelation,-0.15969460270296434,-0.15969460270296434,0.09111152275850092,0.9726385967034399,False,False
hsa-miR-1246,CASP10,miRNA,mRNA,miRNA-mRNA,anticorrelation,-0.1557472326485786,-0.1557472326485786,0.09950129314716019,0.9726385967034399,False,False
hsa-miR-1274a,FGFR1,miRNA,mRNA,miRNA-mRNA,anticorrelation,-0.15349505423546264,-0.15349505423546264,0.10455367546464309,0.9726385967034399,False,False
hsa-miR-1290,TGFA,miRNA,mRNA,miRNA-mRNA,anticorrelation,-0.2076362220655861,-0.2076362220655861,0.02733003998806213,0.9726385967034399,False,False
hsa-miR-1290,ATM,miRNA,mRNA,miRNA-mRNA,anticorrelation,-0.15885363899668803,-0.15885363899668803,0.0928501784560223,0.9726385967034399,False,False
hsa-miR-1290,CASP10,miRNA,mRNA,miRNA-mRNA,anticorrelation,-0.15528585133081277,-0.15528585133081277,0.10052036017723502,0.9726385967034399,False,False
hsa-miR-1290,WEE1,miRNA,mRNA,miRNA-mRNA,anticorrelation,-0.13599625563427617,-0.13599625563427617,0.1509260275847592,0.9726385967034399,False,False
hsa-miR-1299,hsa-miR-1305,miRNA,miRNA,miRNA-miRNA,coexpression,0.8750736202567887,0.8750736202567887,8.951801179591875e-37,1.6296347147393392e-34,False,False
hsa-miR-1299,ATM,miRNA,mRNA,miRNA-mRNA,anticorrelation,-0.270385637590193,-0.270385637590193,0.003774286113874833,0.9726385967034399,False,False
hsa-miR-1299,FLT3,miRNA,mRNA,miRNA-mRNA,anticorrelation,-0.19023204571818383,-0.19023204571818383,0.04357260953758098,0.9726385967034399,False,False
hsa-miR-1299,CCNE1,miRNA,mRNA,miRNA-mRNA,anticorrelation,-0.15209133520755308,-0.15209133520755308,0.10780294374751799,0.9726385967034399,False,False
hsa-miR-1299,LIF,miRNA,mRNA,miRNA-mRNA,anticorrelation,-0.137512931250771,-0.137512931250771,0.14637954952410887,0.9726385967034399,False,False
hsa-miR-1299,PTK7,miRNA,mRNA,miRNA-mRNA,anticorrelation,-0.12701043302611964,-0.12701043302611964,0.18006215529377753,0.9726385967034399,False,False
hsa-miR-1305,ATM,miRNA,mRNA,miRNA-mRNA,anticorrelation,-0.2985550601111735,-0.2985550601111735,0.0013182265959039141,0.9726385967034399,False,False
hsa-miR-1305,FLT3,miRNA,mRNA,miRNA-mRNA,anticorrelation,-0.2844476537808496,-0.2844476537808496,0.002262372664712433,0.9726385967034399,False,False
hsa-miR-1305,LIF,miRNA,mRNA,miRNA-mRNA,anticorrelation,-0.18549694823462434,-0.18549694823462434,0.049178377955870115,0.9726385967034399,False,False
hsa-miR-1305,CCNE1,miRNA,mRNA,miRNA-mRNA,anticorrelation,-0.16258027055900698,-0.16258027055900698,0.08534109488200915,0.9726385967034399,False,False
hsa-miR-1305,PTK7,miRNA,mRNA,miRNA-mRNA,anticorrelation,-0.1486265714997674,-0.1486265714997674,0.11616062428832581,0.9726385967034399,False,False
hsa-miR-1305,TGFA,miRNA,mRNA,miRNA-mRNA,anticorrelation,-0.13977228192836547,-0.13977228192836547,0.1397995203424084,0.9726385967034399,False,False
hsa-miR-1305,CSK,miRNA,mRNA,miRNA-mRNA,anticorrelation,-0.13582869733514963,-0.13582869733514963,0.15143475055812694,0.9726385967034399,False,False
hsa-miR-1305,NOTCH1,miRNA,mRNA,miRNA-mRNA,anticorrelation,-0.13252100721056742,-0.13252100721056742,0.16174278291903055,0.9726385967034399,False,False
hsa-miR-1305,LCK,miRNA,mRNA,miRNA-mRNA,anticorrelation,-0.13191408763770357,-0.13191408763770357,0.16368960319778644,0.9726385967034399,False,False
hsa-miR-1305,MYCL1,miRNA,mRNA,miRNA-mRNA,anticorrelation,-0.1266401738322523,-0.1266401738322523,0.18134544854762585,0.9726385967034399,False,False
hsa-miR-1305,CASP10,miRNA,mRNA,miRNA-mRNA,anticorrelation,-0.12586375800583108,-0.12586375800583108,0.18405817094717486,0.9726385967034399,False,False
hsa-miR-1308,EPS8,miRNA,mRNA,miRNA-mRNA,anticorrelation,-0.1459626034053495,-0.1459626034053495,0.12292150301216312,0.9726385967034399,False,False
hsa-miR-1308,FGFR1,miRNA,mRNA,miRNA-mRNA,anticorrelation,-0.14206796080811934,-0.14206796080811934,0.13334616149034415,0.9726385967034399,False,False
hsa-miR-1308,CAV1,miRNA,mRNA,miRNA-mRNA,anticorrelation,-0.13946630307553512,-0.13946630307553512,0.14067725837388495,0.9726385967034399,False,False
hsa-miR-1975,TNFRSF1B,miRNA,mRNA,miRNA-mRNA,anticorrelation,-0.15508118126396395,-0.15508118126396395,0.10097504047379376,0.9726385967034399,False,False
hsa-miR-2117,TGFA,miRNA,mRNA,miRNA-mRNA,anticorrelation,-0.15504728576472224,-0.15504728576472224,0.10105049603023343,0.9726385967034399,False,False
BCL2A1,ETS1,mRNA,mRNA,mRNA-mRNA,coexpression,0.6770032175268625,0.6770032175268625,1.8425089355762976e-16,3.8344104875506735e-15,False,False
BCL2A1,TNF,mRNA,mRNA,mRNA-mRNA,coexpression,0.6700102488647869,0.6700102488647869,4.845153270875612e-16,9.455879942068393e-15,False,False
BCL2A1,PLAUR,mRNA,mRNA,mRNA-mRNA,coexpression,0.670001794059811,0.670001794059811,4.850743606645475e-16,9.455879942068393e-15,False,False
BCL2A1,MMP9,mRNA,mRNA,mRNA-mRNA,coexpression,0.644151316787428,0.644151316787428,1.393305947431787e-14,2.0631645760047617e-13,False,False
BCL2A1,TNFRSF1B,mRNA,mRNA,mRNA-mRNA,coexpression,0.6307016534701895,0.6307016534701895,7.064260552886675e-14,8.917181353643835e-13,False,False
BCL2A1,CSK,mRNA,mRNA,mRNA-mRNA,coexpression,0.6260770308782514,0.6260770308782514,1.2123838741352517e-13,1.4144478531577936e-12,False,False
BCL2A1,CSF3R,mRNA,mRNA,mRNA-mRNA,coexpression,0.6208914632776669,0.6208914632776669,2.1982562246665424e-13,2.4354781194147305e-12,False,False
CAV1,DLC1,mRNA,mRNA,mRNA-mRNA,coexpression,0.7710058920502465,0.7710058920502465,1.7183746186618178e-23,1.5566452427877643e-21,False,False
CAV1,CD34,mRNA,mRNA,mRNA-mRNA,coexpression,0.7692196620038659,0.7692196620038659,2.5064424602810068e-23,2.1334175000784404e-21,False,False
CAV1,PDGFRB,mRNA,mRNA,mRNA-mRNA,coexpression,0.7616500251250525,0.7616500251250525,1.196145038393282e-22,8.373015268752974e-21,False,False
CAV1,PDGFRA,mRNA,mRNA,mRNA-mRNA,coexpression,0.7170268531434867,0.7170268531434867,4.180158892579926e-19,1.430543265460686e-17,False,False
CAV1,IGFBP6,mRNA,mRNA,mRNA-mRNA,coexpression,0.656099665927779,0.656099665927779,3.073917076434784e-15,5.2020135139665573e-14,False,False
CAV1,EGR1,mRNA,mRNA,mRNA-mRNA,coexpression,0.6441901559457214,0.6441901559457214,1.3866275692379575e-14,2.0631645760047617e-13,False,False
CAV1,TIMP2,mRNA,mRNA,mRNA-mRNA,coexpression,0.6322854595219193,0.6322854595219193,5.859056594097642e-14,7.519122629091974e-13,False,False
CAV1,IGF1,mRNA,mRNA,mRNA-mRNA,coexpression,0.616863576057271,0.616863576057271,3.463776091113964e-13,3.5800101881312106e-12,False,False
CAV1,MMP2,mRNA,mRNA,mRNA-mRNA,coexpression,0.6165729064696199,0.6165729064696199,3.578420021800918e-13,3.6738445557156094e-12,False,False
CCNE1,MMP1,mRNA,mRNA,mRNA-mRNA,coexpression,0.6638599305529951,0.6638599305529951,1.110018447634737e-15,2.0350338206636847e-14,False,False
CCNE1,CSK,mRNA,mRNA,mRNA-mRNA,coexpression,0.6423752250329072,0.6423752250329072,1.7344011469146264e-14,2.519790345517476e-13,False,False
CD34,DLC1,mRNA,mRNA,mRNA-mRNA,coexpression,0.8580493949576579,0.8580493949576579,6.602627470780923e-34,5.084023152501311e-31,False,False
CD34,PDGFRB,mRNA,mRNA,mRNA-mRNA,coexpression,0.8188083376733675,0.8188083376733675,1.614709284328746e-28,4.802997985939845e-26,False,False
CD34,IGFBP6,mRNA,mRNA,mRNA-mRNA,coexpression,0.7654688312125458,0.7654688312125458,5.477242709390649e-23,4.016644653553143e-21,False,False
CD34,IGF1,mRNA,mRNA,mRNA-mRNA,coexpression,0.7376824283458373,0.7376824283458373,1.1763745982589283e-20,5.661302754121092e-19,False,False
CD34,EGR1,mRNA,mRNA,mRNA-mRNA,coexpression,0.7105599895155967,0.7105599895155967,1.1986279521693549e-18,3.767116421103687e-17,False,False
CD34,FOS,mRNA,mRNA,mRNA-mRNA,coexpression,0.6860024003803407,0.6860024003803407,5.102613090683852e-17,1.155591788184284e-15,False,False
CD34,PDGFRA,mRNA,mRNA,mRNA-mRNA,coexpression,0.6682576953166759,0.6682576953166759,6.148466452053274e-16,1.181860289802366e-14,False,False
CD34,MMP2,mRNA,mRNA,mRNA-mRNA,coexpression,0.6539553898610405,0.6539553898610405,4.0518324203700876e-15,6.782415138445582e-14,False,False
CD34,JUN,mRNA,mRNA,mRNA-mRNA,coexpression,0.6461782807392326,0.6461782807392326,1.0832915614768349e-14,1.6517514897765602e-13,False,False
CDKN1A,TIMP2,mRNA,mRNA,mRNA-mRNA,coexpression,0.7689869371737283,0.7689869371737283,2.6321384741227512e-23,2.1334175000784404e-21,False,False
CDKN1A,PDGFRA,mRNA,mRNA,mRNA-mRNA,coexpression,0.7473031877705194,0.7473031877705194,1.9839976862229235e-21,1.175137091070501e-19,False,False
CDKN1A,MMP2,mRNA,mRNA,mRNA-mRNA,coexpression,0.7309806225090888,0.7309806225090888,3.8842877949496567e-20,1.6616120011729087e-18,False,False
CDKN1A,TIMP3,mRNA,mRNA,mRNA-mRNA,coexpression,0.6924007595164712,0.6924007595164712,1.9905526644477502e-17,4.793729672721158e-16,False,False
CDKN1A,PDGFRB,mRNA,mRNA,mRNA-mRNA,coexpression,0.6870030687148659,0.6870030687148659,4.411100593501891e-17,1.0138947632825241e-15,False,False
CDKN1A,MMP14,mRNA,mRNA,mRNA-mRNA,coexpression,0.6362914442215443,0.6362914442215443,3.6328826995460646e-14,4.907578383597315e-13,False,False
CDKN1A,TGFBI,mRNA,mRNA,mRNA-mRNA,coexpression,0.6304454767317113,0.6304454767317113,7.280534412430627e-14,9.041954028341263e-13,False,False
CDKN1A,JUN,mRNA,mRNA,mRNA-mRNA,coexpression,0.6298222811268757,0.6298222811268757,7.833798629920606e-14,9.651239912062188e-13,False,False
CDKN1A,FOS,mRNA,mRNA,mRNA-mRNA,coexpression,0.6281853561887033,0.6281853561887033,9.488215135541854e-14,1.1327016518398803e-12,False,False
COL1A1,MMP14,mRNA,mRNA,mRNA-mRNA,coexpression,0.7657824648819797,0.7657824648819797,5.133533189876431e-23,3.952820556204851e-21,False,False
COL1A1,MMP2,mRNA,mRNA,mRNA-mRNA,coexpression,0.7452443384051806,0.7452443384051806,2.9232855447277296e-21,1.6078070496002514e-19,False,False
COL1A1,TGFBI,mRNA,mRNA,mRNA-mRNA,coexpression,0.720653382480371,0.720653382480371,2.285749246260247e-19,9.025779074976358e-18,False,False
COL1A1,TIMP2,mRNA,mRNA,mRNA-mRNA,coexpression,0.692928445606681,0.692928445606681,1.839856328990613e-17,4.569965720396039e-16,False,False
CSF3R,TNFRSF1B,mRNA,mRNA,mRNA-mRNA,coexpression,0.7017766793619673,0.7017766793619673,4.790459864556524e-18,1.3413287620758268e-16,False,False
CSF3R,ETS1,mRNA,mRNA,mRNA-mRNA,coexpression,0.6367935601398622,0.6367935601398622,3.4199473745930586e-14,4.702427640065456e-13,False,False
CSF3R,CSK,mRNA,mRNA,mRNA-mRNA,coexpression,0.6282237282795177,0.6282237282795177,9.445816684874195e-14,1.1327016518398803e-12,False,False
CSK,TNF,mRNA,mRNA,mRNA-mRNA,coexpression,0.6665266543755317,0.6665266543755317,7.767338684086569e-16,1.4587440943284534e-14,False,False
CSK,ETS1,mRNA,mRNA,mRNA-mRNA,coexpression,0.6410025185714485,0.6410025185714485,2.0522390036804157e-14,2.9263408015442964e-13,False,False
CSK,NOTCH1,mRNA,mRNA,mRNA-mRNA,coexpression,0.6232856565368989,0.6232856565368989,1.6724448747850817e-13,1.893797872918401e-12,False,False
DLC1,PDGFRB,mRNA,mRNA,mRNA-mRNA,coexpression,0.7846968435273558,0.7846968435273558,8.459721697614074e-25,1.0021516472558212e-22,False,False
DLC1,IGFBP6,mRNA,mRNA,mRNA-mRNA,coexpression,0.7816036420157946,0.7816036420157946,1.7022907332468533e-24,1.8725198065715387e-22,False,False
DLC1,IGF1,mRNA,mRNA,mRNA-mRNA,coexpression,0.7525495720016295,0.7525495720016295,7.263860668365349e-22,4.660977262201099e-20,False,False
DLC1,EGR1,mRNA,mRNA,mRNA-mRNA,coexpression,0.6949550994450857,0.6949550994450857,1.3576561280361866e-17,3.4846507286262123e-16,False,False
DLC1,FOS,mRNA,mRNA,mRNA-mRNA,coexpression,0.6832182936266209,0.6832182936266209,7.628413840670749e-17,1.6546137062863314e-15,False,False
DLC1,PDGFRA,mRNA,mRNA,mRNA-mRNA,coexpression,0.6536320219944648,0.6536320219944648,4.223361088804562e-15,6.993522663181747e-14,False,False
DLC1,MMP2,mRNA,mRNA,mRNA-mRNA,coexpression,0.6535384496190972,0.6535384496190972,4.274297205108553e-15,7.00257201687997e-14,False,False
DLC1,TIMP3,mRNA,mRNA,mRNA-mRNA,coexpression,0.6259249389132799,0.6259249389132799,1.2339245148621063e-13,1.428754701419281e-12,False,False
EGR1,FOS,mRNA,mRNA,mRNA-mRNA,coexpression,0.861825753392783,0.861825753392783,1.6477083606604498e-34,2.5374708754170925e-31,False,False
EGR1,IGF1,mRNA,mRNA,mRNA-mRNA,coexpression,0.7231245778968081,0.7231245778968081,1.5066335735866536e-19,6.105830798219596e-18,False,False
EGR1,IGFBP6,mRNA,mRNA,mRNA-mRNA,coexpression,0.692395210839009,0.692395210839009,1.9921993445074942e-17,4.793729672721158e-16,False,False
EGR1,JUN,mRNA,mRNA,mRNA-mRNA,coexpression,0.662052037624669,0.662052037624669,1.4110909933473205e-15,2.5565648585351455e-14,False,False
EGR1,PDGFRA,mRNA,mRNA,mRNA-mRNA,coexpression,0.6503644842123515,0.6503644842123515,6.4031333638530915e-15,1.0271693104514335e-13,False,False
EGR1,PDGFRB,mRNA,mRNA,mRNA-mRNA,coexpression,0.6282574963030828,0.6282574963030828,9.408657340103549e-14,1.1327016518398803e-12,False,False
EPS8,JUN,mRNA,mRNA,mRNA-mRNA,coexpression,0.6527421902350701,0.6527421902350701,4.732557468757731e-15,7.671724738828322e-14,False,False
EPS8,PDGFRB,mRNA,mRNA,mRNA-mRNA,coexpression,0.6452963824205209,0.6452963824205209,1.2089300630322277e-14,1.8252473500682654e-13,False,False
EPS8,TGFBI,mRNA,mRNA,mRNA-mRNA,coexpression,0.6361733944922087,0.6361733944922087,3.684780793999042e-14,4.934402106746544e-13,False,False
EPS8,TIMP2,mRNA,mRNA,mRNA-mRNA,coexpression,0.618909432555629,0.618909432555629,2.7517095046047815e-13,2.9428004424245578e-12,False,False
ETS1,TNFRSF1B,mRNA,mRNA,mRNA-mRNA,coexpression,0.7184936176145423,0.7184936176145423,3.278337812489861e-19,1.2268925475368462e-17,False,False
ETS1,MMP14,mRNA,mRNA,mRNA-mRNA,coexpression,0.7035131123053444,0.7035131123053444,3.657365327819075e-18,1.0627061518568634e-16,False,False
ETS1,NOTCH1,mRNA,mRNA,mRNA-mRNA,coexpression,0.6462621492887867,0.6462621492887867,1.0720256636373141e-14,1.650919522001464e-13,False,False
ETS1,PLAUR,mRNA,mRNA,mRNA-mRNA,coexpression,0.6201484689173936,0.6201484689173936,2.391758716845389e-13,2.630934588529928e-12,False,False
ETS1,TNF,mRNA,mRNA,mRNA-mRNA,coexpression,0.619549154679382,0.619549154679382,2.5597683258298093e-13,2.7566735816628714e-12,False,False
ETS1,PDGFRB,mRNA,mRNA,mRNA-mRNA,coexpression,0.6179570935900222,0.6179570935900222,3.0635001521681283e-13,3.231363174204738e-12,False,False
ETS1,LCK,mRNA,mRNA,mRNA-mRNA,coexpression,0.6175179560883844,0.6175179560883844,3.2185474019953003e-13,3.3718115639950765e-12,False,False
ETV6,PTK7,mRNA,mRNA,mRNA-mRNA,coexpression,0.7183705422098248,0.7183705422098248,3.3460705841913987e-19,1.2268925475368462e-17,False,False
ETV6,PLAUR,mRNA,mRNA,mRNA-mRNA,coexpression,0.6955995765032486,0.6955995765032486,1.2319320732597501e-17,3.215551513254263e-16,False,False
ETV6,MMP14,mRNA,mRNA,mRNA-mRNA,coexpression,0.6713369810778415,0.6713369810778415,4.041273877100017e-16,8.082547754200033e-15,False,False
ETV6,NOTCH1,mRNA,mRNA,mRNA-mRNA,coexpression,0.6681767154080764,0.6681767154080764,6.216278147661795e-16,1.181860289802366e-14,False,False
ETV6,TGFBI,mRNA,mRNA,mRNA-mRNA,coexpression,0.630476992411571,0.630476992411571,7.253585480782491e-14,9.041954028341263e-13,False,False
FGFR1,TIMP2,mRNA,mRNA,mRNA-mRNA,coexpression,0.6571869709973692,0.6571869709973692,2.6698864243184486e-15,4.71260983231155e-14,False,False
FGFR1,TIMP3,mRNA,mRNA,mRNA-mRNA,coexpression,0.6340233969326933,0.6340233969326933,4.765897466018302e-14,6.219900082769649e-13,False,False
FGFR1,PDGFRB,mRNA,mRNA,mRNA-mRNA,coexpression,0.6317734877995064,0.6317734877995064,6.225001774468744e-14,7.922729531142037e-13,False,False
FGFR1,JUN,mRNA,mRNA,mRNA-mRNA,coexpression,0.625609398407087,0.625609398407087,1.2798034384925427e-13,1.4708188770735192e-12,False,False
FOS,IGF1,mRNA,mRNA,mRNA-mRNA,coexpression,0.7314702211795463,0.7314702211795463,3.5640178452842665e-20,1.5681678519250772e-18,False,False
FOS,IGFBP6,mRNA,mRNA,mRNA-mRNA,coexpression,0.7305027296016433,0.7305027296016433,4.2238718464202493e-20,1.758043957699239e-18,False,False
FOS,JUN,mRNA,mRNA,mRNA-mRNA,coexpression,0.7035945165864108,0.7035945165864108,3.611210481946111e-18,1.0627061518568634e-16,False,False
FOS,PDGFRA,mRNA,mRNA,mRNA-mRNA,coexpression,0.6731951679337251,0.6731951679337251,3.129566095573135e-16,6.4260423829101696e-15,False,False
FOS,PDGFRB,mRNA,mRNA,mRNA-mRNA,coexpression,0.6185225059087497,0.6185225059087497,2.8744911392616726e-13,3.052907830664121e-12,False,False
GAS1,TIMP2,mRNA,mRNA,mRNA-mRNA,coexpression,0.759838273683439,0.759838273683439,1.723883629066794e-22,1.1542525168534186e-20,False,False
GAS1,MMP2,mRNA,mRNA,mRNA-mRNA,coexpression,0.7460904186933024,0.7460904186933024,2.4939744461079985e-21,1.4224891285208586e-19,False,False
GAS1,PDGFRB,mRNA,mRNA,mRNA-mRNA,coexpression,0.7176766689386471,0.7176766689386471,3.7542088007724452e-19,1.3445305937650153e-17,False,False
GAS1,PLAT,mRNA,mRNA,mRNA-mRNA,coexpression,0.7143953600538884,0.7143953600538884,6.439907865333781e-19,2.110097470768941e-17,False,False
GAS1,PDGFRA,mRNA,mRNA,mRNA-mRNA,coexpression,0.6984179755136292,0.6984179755136292,8.029970014110322e-18,2.1320954865051544e-16,False,False
GAS1,TIMP3,mRNA,mRNA,mRNA-mRNA,coexpression,0.6852763910766694,0.6852763910766694,5.669187296846709e-17,1.265296874948396e-15,False,False
GAS1,JUN,mRNA,mRNA,mRNA-mRNA,coexpression,0.6648951799401033,0.6648951799401033,9.667700753736837e-16,1.793766163946353e-14,False,False
GAS1,MMP14,mRNA,mRNA,mRNA-mRNA,coexpression,0.6494433046738664,0.6494433046738664,7.193620009670518e-15,1.1190075570598585e-13,False,False
GAS1,TGFBI,mRNA,mRNA,mRNA-mRNA,coexpression,0.6407537729081352,0.6407537729081352,2.1155871931844463e-14,2.988994750003713e-13,False,False
IGF1,IGFBP6,mRNA,mRNA,mRNA-mRNA,coexpression,0.7858116955991988,0.7858116955991988,6.556559323393868e-25,8.414251131688797e-23,False,False
IGF1,PDGFRA,mRNA,mRNA,mRNA-mRNA,coexpression,0.6199610034682711,0.6199610034682711,2.443129536548111e-13,2.66838261438588e-12,False,False
IGFBP6,PDGFRA,mRNA,mRNA,mRNA-mRNA,coexpression,0.6944809632935843,0.6944809632935843,1.4580333314473277e-17,3.680936607260467e-16,False,False
IGFBP6,TIMP3,mRNA,mRNA,mRNA-mRNA,coexpression,0.639297184000801,0.639297184000801,2.5264037845811623e-14,3.5369652984136273e-13,False,False
IGFBP6,PDGFRB,mRNA,mRNA,mRNA-mRNA,coexpression,0.6357778210730961,0.6357778210730961,3.863979981934004e-14,5.129766527739971e-13,False,False
IGFBP6,MMP2,mRNA,mRNA,mRNA-mRNA,coexpression,0.6254063176743603,0.6254063176743603,1.3102006223750497e-13,1.4945992284870938e-12,False,False
IL8,PLAUR,mRNA,mRNA,mRNA-mRNA,coexpression,0.7019051011205919,0.7019051011205919,4.696103290473449e-18,1.3392590865424282e-16,False,False
IL8,MMP1,mRNA,mRNA,mRNA-mRNA,coexpression,0.63657674733426,0.63657674733426,3.5103646180769833e-14,4.784036736140314e-13,False,False
JUN,PDGFRB,mRNA,mRNA,mRNA-mRNA,coexpression,0.6821688002379013,0.6821688002379013,8.866792353871698e-17,1.8965083645781133e-15,False,False
JUN,TIMP2,mRNA,mRNA,mRNA-mRNA,coexpression,0.6502440358060001,0.6502440358060001,6.501487148269931e-15,1.0321948668387315e-13,False,False
JUN,PDGFRA,mRNA,mRNA,mRNA-mRNA,coexpression,0.6495528630775396,0.6495528630775396,7.094861887466653e-15,1.1149068680304742e-13,False,False
JUN,TIMP3,mRNA,mRNA,mRNA-mRNA,coexpression,0.6209086379370629,0.6209086379370629,2.1939677330773264e-13,2.4354781194147305e-12,False,False
LCK,TNFRSF1B,mRNA,mRNA,mRNA-mRNA,coexpression,0.6338683717533203,0.6338683717533203,4.854756740335124e-14,6.282626369845455e-13,False,False
MMP1,PLAUR,mRNA,mRNA,mRNA-mRNA,coexpression,0.6717678498912331,0.6717678498912331,3.809284900317297e-16,7.718814140116628e-15,False,False
MMP1,TNF,mRNA,mRNA,mRNA-mRNA,coexpression,0.6277882681249665,0.6277882681249665,9.937941058023482e-14,1.177263786873551e-12,False,False
MMP2,PDGFRB,mRNA,mRNA,mRNA-mRNA,coexpression,0.838330436568417,0.838330436568417,5.100959392983692e-31,2.618492488398295e-28,False,False
MMP2,TIMP2,mRNA,mRNA,mRNA-mRNA,coexpression,0.8121241008976282,0.8121241008976282,9.908110188623352e-28,1.6953877433866624e-25,False,False
MMP2,PDGFRA,mRNA,mRNA,mRNA-mRNA,coexpression,0.77939415320459,0.77939415320459,2.7857550572829945e-24,2.681289242634882e-22,False,False
MMP2,MMP14,mRNA,mRNA,mRNA-mRNA,coexpression,0.7123002726528889,0.7123002726528889,9.053292135506864e-19,2.904597893475119e-17,False,False
MMP2,TIMP3,mRNA,mRNA,mRNA-mRNA,coexpression,0.701430753633135,0.701430753633135,5.053898252163115e-18,1.3898220193448567e-16,False,False
MMP2,PLAT,mRNA,mRNA,mRNA-mRNA,coexpression,0.6198577253142701,0.6198577253142701,2.4718855659968026e-13,2.6807773039683633e-12,False,False
MMP9,PLAUR,mRNA,mRNA,mRNA-mRNA,coexpression,0.7191672439676184,0.7191672439676184,2.93062072399242e-19,1.1282889787370817e-17,False,False
MMP9,MMP14,mRNA,mRNA,mRNA-mRNA,coexpression,0.6568437587087127,0.6568437587087127,2.7915006848129508e-15,4.83023714001342e-14,False,False
MMP9,PTK7,mRNA,mRNA,mRNA-mRNA,coexpression,0.6356834160680015,0.6356834160680015,3.907979523984936e-14,5.143836296527181e-13,False,False
MMP9,SPP1,mRNA,mRNA,mRNA-mRNA,coexpression,0.6213169048440911,0.6213169048440911,2.0943774203170466e-13,2.3542636695534686e-12,False,False
MMP14,PLAUR,mRNA,mRNA,mRNA-mRNA,coexpression,0.8182750172617415,0.8182750172617415,1.8712979165999395e-28,4.802997985939845e-26,False,False
MMP14,TGFBI,mRNA,mRNA,mRNA-mRNA,coexpression,0.8093724673643392,0.8093724673643392,2.0476515043229657e-27,3.153383316657367e-25,False,False
MMP14,TIMP2,mRNA,mRNA,mRNA-mRNA,coexpression,0.7878994579460988,0.7878994579460988,4.0515625923420206e-25,5.672187629278829e-23,False,False
MMP14,PTK7,mRNA,mRNA,mRNA-mRNA,coexpression,0.7799105484467732,0.7799105484467732,2.484105540850862e-24,2.550348355273552e-22,False,False
MMP14,PDGFRB,mRNA,mRNA,mRNA-mRNA,coexpression,0.7447986923611198,0.7447986923611198,3.1775675565916288e-21,1.6873979438452097e-19,False,False
MMP14,S100A4,mRNA,mRNA,mRNA-mRNA,coexpression,0.7072001074920188,0.7072001074920188,2.0486520949584205e-18,6.309848452471936e-17,False,False
MMP14,NOTCH1,mRNA,mRNA,mRNA-mRNA,coexpression,0.6993478661030914,0.6993478661030914,6.964897338835362e-18,1.8817441932993788e-16,False,False
MMP14,SPP1,mRNA,mRNA,mRNA-mRNA,coexpression,0.6797042216133521,0.6797042216133521,1.259291267542003e-16,2.656587057554362e-15,False,False
MMP14,TIMP3,mRNA,mRNA,mRNA-mRNA,coexpression,0.6412905848718368,0.6412905848718368,1.9811747870779397e-14,2.851410441214979e-13,False,False
NOTCH1,PTK7,mRNA,mRNA,mRNA-mRNA,coexpression,0.735819348404538,0.735819348404538,1.6456551332677964e-20,7.679723955249717e-19,False,False
NOTCH1,PLAUR,mRNA,mRNA,mRNA-mRNA,coexpression,0.687342707102276,0.687342707102276,4.19781202667641e-17,9.794894728911624e-16,False,False
NOTCH1,S100A4,mRNA,mRNA,mRNA-mRNA,coexpression,0.6283458279189725,0.6283458279189725,9.312123341690673e-14,1.1327016518398803e-12,False,False
PDGFRA,TIMP2,mRNA,mRNA,mRNA-mRNA,coexpression,0.8125316042970575,0.8125316042970575,8.889172451577424e-28,1.6953877433866624e-25,False,False
PDGFRA,PDGFRB,mRNA,mRNA,mRNA-mRNA,coexpression,0.7482259215070743,0.7482259215070743,1.665603065309954e-21,1.0260114882309317e-19,False,False
PDGFRA,TIMP3,mRNA,mRNA,mRNA-mRNA,coexpression,0.7171849151940921,0.7171849151940921,4.0724115867168436e-19,1.4253440553508954e-17,False,False
PDGFRB,TIMP2,mRNA,mRNA,mRNA-mRNA,coexpression,0.8156544037272664,0.8156544037272664,3.8356751776802787e-28,8.438485390896613e-26,False,False
PDGFRB,TIMP3,mRNA,mRNA,mRNA-mRNA,coexpression,0.7420093091560221,0.7420093091560221,5.334978702288455e-21,2.7386224005080733e-19,False,False
PDGFRB,PLAT,mRNA,mRNA,mRNA-mRNA,coexpression,0.6571208175469259,0.6571208175469259,2.6929199041780286e-15,4.71260983231155e-14,False,False
PDGFRB,TGFBI,mRNA,mRNA,mRNA-mRNA,coexpression,0.6270948934117775,0.6270948934117775,1.0773230658157341e-13,1.2664713903482675e-12,False,False
PLAT,TIMP2,mRNA,mRNA,mRNA-mRNA,coexpression,0.6615306659882053,0.6615306659882053,1.5117459062001855e-15,2.7070798785445185e-14,False,False
PLAT,TIMP3,mRNA,mRNA,mRNA-mRNA,coexpression,0.6440034943724284,0.6440034943724284,1.4190105198925074e-14,2.0812154291756775e-13,False,False
PLAUR,SPP1,mRNA,mRNA,mRNA-mRNA,coexpression,0.7408240902109038,0.7408240902109038,6.635574902976506e-21,3.296382371156071e-19,False,False
PLAUR,TGFBI,mRNA,mRNA,mRNA-mRNA,coexpression,0.7332427205690337,0.7332427205690337,2.60589194057887e-20,1.1803157613210176e-18,False,False
PLAUR,PTK7,mRNA,mRNA,mRNA-mRNA,coexpression,0.7062316236271939,0.7062316236271939,2.38759027835666e-18,7.209586330724033e-17,False,False
PLAUR,S100A4,mRNA,mRNA,mRNA-mRNA,coexpression,0.6170714251822589,0.6170714251822589,3.3839872002505627e-13,3.521175870530991e-12,False,False
PTK7,SPP1,mRNA,mRNA,mRNA-mRNA,coexpression,0.656185732191914,0.656185732191914,3.039884043001142e-15,5.201579362468621e-14,False,False
S100A4,TGFBI,mRNA,mRNA,mRNA-mRNA,coexpression,0.7157347058203365,0.7157347058203365,5.171512178450895e-19,1.731332338003126e-17,False,False
S100A4,TIMP2,mRNA,mRNA,mRNA-mRNA,coexpression,0.6833045896681917,0.6833045896681917,7.534424480279599e-17,1.6546137062863314e-15,False,False
TGFBI,TIMP2,mRNA,mRNA,mRNA-mRNA,coexpression,0.6905262971471464,0.6905262971471464,2.6292663863336348e-17,6.229338823005843e-16,False,False
TGFBI,TIMP3,mRNA,mRNA,mRNA-mRNA,coexpression,0.63844725426663,0.63844725426663,2.8008190522473662e-14,3.885821027442292e-13,False,False
TIMP2,TIMP3,mRNA,mRNA,mRNA-mRNA,coexpression,0.8313789066878212,0.8313789066878212,4.3112348302512695e-30,1.6598254096467387e-27,False,False
